{"time":"2025-11-19T17:48:10.302950247Z","level":"info","msg":"probe server starting","component":"default","addr":":8765","path":"/healthz"}
{"time":"2025-11-19T17:48:10.303291751Z","level":"info","msg":"starting kgateway","component":"default"}
{"time":"2025-11-19T17:48:10.305524734Z","level":"warn","msg":"TLS disabled for xDS servers: connections will be unencrypted","component":"default","component":"envoy-controlplane"}
{"time":"2025-11-19T17:48:10.305598651Z","level":"info","msg":"creating krt collections","component":"default"}
2025-11-19T17:48:10.314647Z	info	sync complete	name=Namespaces attempt=3 time=8.521093ms
2025-11-19T17:48:10.314807Z	info	krt	Namespaces synced	owner=Namespaces
2025-11-19T17:48:10.317171Z	info	sync complete	name=Namespaces handler attempt=2 time=2.312026ms
2025-11-19T17:48:10.317421Z	info	krt	NamespacesMetadata synced (uid 3)	owner=NamespacesMetadata
2025-11-19T17:48:10.320778Z	info	sync complete	name=discovery namespace filter attempt=4 time=14.988622ms
{"time":"2025-11-19T17:48:10.32196308Z","level":"info","msg":"creating krt collections","component":"default"}
{"time":"2025-11-19T17:48:10.322105582Z","level":"info","msg":"initializing controller","component":"default"}
{"time":"2025-11-19T17:48:10.322172749Z","level":"info","source":{"function":"github.com/kgateway-dev/kgateway/v2/internal/kgateway/controller.NewControllerBuilder","file":"/Users/sibasishbehera/programming/kgateway/internal/kgateway/controller/start.go","line":130},"msg":"initializing kgateway extensions","component":"controller-runtime","logger":"setup"}
{"level":"info","time":"2025-11-19T17:48:10.323121Z","msg":"sync complete","name":"Informer[*v1.Namespace]","attempt":1,"time":"1.375µs"}
{"level":"info","time":"2025-11-19T17:48:10.323181Z","scope":"krt","msg":"Informer[*v1.Namespace] synced","owner":"Informer[*v1.Namespace]"}
{"level":"info","time":"2025-11-19T17:48:10.324188Z","msg":"sync complete","name":"UniqueConnectedClients","attempt":1,"time":"417ns"}
{"level":"info","time":"2025-11-19T17:48:10.324241Z","msg":"sync complete","name":"UniqueConnectedClients","attempt":1,"time":"167ns"}
{"level":"info","time":"2025-11-19T17:48:10.324270Z","msg":"sync complete","name":"Static[int32]","attempt":1,"time":"334ns"}
{"level":"info","time":"2025-11-19T17:48:10.324276Z","msg":"sync complete","name":"Static[int32]","attempt":1,"time":"42ns"}
{"level":"info","time":"2025-11-19T17:48:10.324299Z","scope":"krt","msg":"UniqueConnectedClients synced (uid 47)","owner":"UniqueConnectedClients"}
{"time":"2025-11-19T17:48:10.324574275Z","level":"info","source":{"function":"github.com/kgateway-dev/kgateway/v2/internal/kgateway/controller.NewControllerBuilder","file":"/Users/sibasishbehera/programming/kgateway/internal/kgateway/controller/start.go","line":140},"msg":"adding the endpoint-picker inference extension","component":"controller-runtime","logger":"setup"}
{"level":"info","time":"2025-11-19T17:48:10.325632Z","msg":"sync complete","name":"Namespaces","attempt":1,"time":"792ns"}
{"level":"info","time":"2025-11-19T17:48:10.325662Z","scope":"krt","msg":"Namespaces synced","owner":"Namespaces"}
{"time":"2025-11-19T17:48:10.326282502Z","level":"info","source":{"function":"github.com/kgateway-dev/kgateway/v2/internal/kgateway/controller.NewControllerBuilder","file":"/Users/sibasishbehera/programming/kgateway/internal/kgateway/controller/start.go","line":169},"msg":"initializing proxy syncer","component":"controller-runtime","logger":"setup"}
{"level":"info","time":"2025-11-19T17:48:10.326743Z","scope":"krt","msg":"ClusterResources synced (uid 134)","owner":"ClusterResources"}
{"level":"info","time":"2025-11-19T17:48:10.326827Z","scope":"krt","msg":"PerClientXdsSnapshots synced (uid 136)","owner":"PerClientXdsSnapshots"}
{"level":"info","time":"2025-11-19T17:48:10.326918Z","scope":"krt","msg":"EndpointResources synced (uid 135)","owner":"EndpointResources"}
{"level":"info","time":"2025-11-19T17:48:10.326938Z","msg":"sync complete","name":"BackendsPolicyReport","attempt":1,"time":"375ns"}
{"level":"info","time":"2025-11-19T17:48:10.326965Z","msg":"sync complete","name":"BackendsPolicyReport","attempt":1,"time":"125ns"}
{"level":"info","time":"2025-11-19T17:48:10.326956Z","msg":"sync complete","name":"Static[krt.dummyValue]","attempt":1,"time":"125ns"}
{"level":"info","time":"2025-11-19T17:48:10.327050Z","msg":"sync complete","name":"Static[krt.dummyValue]","attempt":1,"time":"333ns"}
{"time":"2025-11-19T17:48:10.327128886Z","level":"debug","msg":"init agentgateway Syncer","component":"agentgateway/syncer","controllername":"kgateway.dev/agentgateway"}
{"time":"2025-11-19T17:48:10.327725768Z","level":"info","source":{"function":"github.com/kgateway-dev/kgateway/v2/internal/kgateway/controller.NewControllerBuilder","file":"/Users/sibasishbehera/programming/kgateway/internal/kgateway/controller/start.go","line":235},"msg":"starting controller builder","component":"controller-runtime","logger":"setup"}
{"time":"2025-11-19T17:48:10.327741601Z","level":"info","msg":"waiting for cache sync","component":"default"}
{"level":"info","time":"2025-11-19T17:48:10.327728Z","msg":"sync complete","name":"Namespaces handler","attempt":2,"time":"2.041147ms"}
{"level":"info","time":"2025-11-19T17:48:10.327768Z","msg":"cluster \"\" kube client started"}
{"level":"info","time":"2025-11-19T17:48:10.327780Z","scope":"krt","msg":"NamespacesMetadata synced (uid 90)","owner":"NamespacesMetadata"}
{"level":"info","time":"2025-11-19T17:48:10.338809Z","msg":"sync complete","name":"KubeGatewayClasses","attempt":3,"time":"13.183019ms"}
{"level":"info","time":"2025-11-19T17:48:10.338869Z","scope":"krt","msg":"KubeGatewayClasses synced","owner":"KubeGatewayClasses"}
{"level":"info","time":"2025-11-19T17:48:10.344208Z","msg":"sync complete","name":"Nodes","attempt":4,"time":"20.080178ms"}
{"level":"info","time":"2025-11-19T17:48:10.344728Z","scope":"krt","msg":"Nodes synced","owner":"Nodes"}
{"level":"info","time":"2025-11-19T17:48:10.344761Z","msg":"sync complete","name":"Nodes","attempt":4,"time":"21.735904ms"}
{"level":"info","time":"2025-11-19T17:48:10.344773Z","scope":"krt","msg":"Nodes synced","owner":"Nodes"}
{"level":"info","time":"2025-11-19T17:48:10.344784Z","msg":"sync complete","name":"Pods","attempt":4,"time":"21.789822ms"}
{"level":"info","time":"2025-11-19T17:48:10.344794Z","scope":"krt","msg":"Pods synced","owner":"Pods"}
{"level":"info","time":"2025-11-19T17:48:10.344850Z","msg":"sync complete","name":"informer/Nodes","attempt":4,"time":"21.664695ms"}
{"level":"info","time":"2025-11-19T17:48:10.344870Z","scope":"krt","msg":"informer/Nodes synced","owner":"informer/Nodes"}
{"level":"info","time":"2025-11-19T17:48:10.344908Z","msg":"sync complete","name":"informer/Pods","attempt":4,"time":"21.717154ms"}
{"level":"info","time":"2025-11-19T17:48:10.344921Z","scope":"krt","msg":"informer/Pods synced","owner":"informer/Pods"}
{"level":"info","time":"2025-11-19T17:48:10.344957Z","msg":"sync complete","name":"informer/ConfigMaps","attempt":4,"time":"21.757321ms"}
{"level":"info","time":"2025-11-19T17:48:10.344973Z","scope":"krt","msg":"informer/ConfigMaps synced","owner":"informer/ConfigMaps"}
{"level":"info","time":"2025-11-19T17:48:10.344982Z","msg":"sync complete","name":"informer/Services","attempt":4,"time":"21.778571ms"}
{"level":"info","time":"2025-11-19T17:48:10.344995Z","scope":"krt","msg":"informer/Services synced","owner":"informer/Services"}
{"level":"info","time":"2025-11-19T17:48:10.345012Z","msg":"sync complete","name":"informer/EndpointSlices","attempt":4,"time":"21.804238ms"}
{"level":"info","time":"2025-11-19T17:48:10.345025Z","scope":"krt","msg":"informer/EndpointSlices synced","owner":"informer/EndpointSlices"}
{"level":"info","time":"2025-11-19T17:48:10.345056Z","msg":"sync complete","name":"EndpointSlices","attempt":4,"time":"20.075178ms"}
{"level":"info","time":"2025-11-19T17:48:10.345070Z","scope":"krt","msg":"EndpointSlices synced","owner":"EndpointSlices"}
{"level":"info","time":"2025-11-19T17:48:10.345082Z","msg":"sync complete","name":"Pods","attempt":4,"time":"20.958104ms"}
{"level":"info","time":"2025-11-19T17:48:10.345092Z","scope":"krt","msg":"Pods synced","owner":"Pods"}
{"level":"info","time":"2025-11-19T17:48:10.348207Z","msg":"sync complete","name":"Pods handler","attempt":2,"time":"2.982199ms"}
{"level":"info","time":"2025-11-19T17:48:10.348374Z","msg":"sync complete","name":"crd watcher","attempt":4,"time":"20.59085ms"}
{"level":"info","time":"2025-11-19T17:48:10.348413Z","scope":"controllers","msg":"starting","controller":"crd watcher"}
{"level":"info","time":"2025-11-19T17:48:10.348469Z","msg":"backendconfigpolicies.gateway.kgateway.dev is now ready, building client"}
{"level":"info","time":"2025-11-19T17:48:10.348494Z","msg":"backends.gateway.kgateway.dev is now ready, building client"}
{"level":"info","time":"2025-11-19T17:48:10.348512Z","msg":"backendtlspolicies.gateway.networking.k8s.io is now ready, building client"}
{"level":"info","time":"2025-11-19T17:48:10.348521Z","msg":"backendtlspolicies.gateway.networking.k8s.io is now ready, building client"}
{"level":"info","time":"2025-11-19T17:48:10.348538Z","msg":"directresponses.gateway.kgateway.dev is now ready, building client"}
{"level":"info","time":"2025-11-19T17:48:10.348548Z","msg":"gatewayclasses.gateway.networking.k8s.io is now ready, building client"}
{"level":"info","time":"2025-11-19T17:48:10.348565Z","msg":"gatewayextensions.gateway.kgateway.dev is now ready, building client"}
{"level":"info","time":"2025-11-19T17:48:10.348577Z","msg":"gateways.gateway.networking.k8s.io is now ready, building client"}
{"level":"info","time":"2025-11-19T17:48:10.348584Z","msg":"gateways.gateway.networking.k8s.io is now ready, building client"}
{"level":"info","time":"2025-11-19T17:48:10.348596Z","msg":"gateways.gateway.networking.k8s.io is now ready, building client"}
{"level":"info","time":"2025-11-19T17:48:10.348608Z","msg":"grpcroutes.gateway.networking.k8s.io is now ready, building client"}
{"level":"info","time":"2025-11-19T17:48:10.348618Z","msg":"grpcroutes.gateway.networking.k8s.io is now ready, building client"}
{"level":"info","time":"2025-11-19T17:48:10.348641Z","msg":"grpcroutes.gateway.networking.k8s.io is now ready, building client"}
{"level":"info","time":"2025-11-19T17:48:10.348652Z","msg":"httplistenerpolicies.gateway.kgateway.dev is now ready, building client"}
{"level":"info","time":"2025-11-19T17:48:10.348671Z","msg":"httproutes.gateway.networking.k8s.io is now ready, building client"}
{"level":"info","time":"2025-11-19T17:48:10.348684Z","msg":"httproutes.gateway.networking.k8s.io is now ready, building client"}
{"level":"info","time":"2025-11-19T17:48:10.348695Z","msg":"httproutes.gateway.networking.k8s.io is now ready, building client"}
{"level":"info","time":"2025-11-19T17:48:10.348708Z","msg":"inferencepools.inference.networking.k8s.io is now ready, building client"}
{"level":"info","time":"2025-11-19T17:48:10.348730Z","msg":"inferencepools.inference.networking.k8s.io is now ready, building client"}
{"level":"info","time":"2025-11-19T17:48:10.348750Z","msg":"referencegrants.gateway.networking.k8s.io is now ready, building client"}
{"level":"info","time":"2025-11-19T17:48:10.348766Z","msg":"referencegrants.gateway.networking.k8s.io is now ready, building client"}
{"level":"info","time":"2025-11-19T17:48:10.348778Z","msg":"tcproutes.gateway.networking.k8s.io is now ready, building client"}
{"level":"info","time":"2025-11-19T17:48:10.348781Z","msg":"tcproutes.gateway.networking.k8s.io is now ready, building client"}
{"level":"info","time":"2025-11-19T17:48:10.348786Z","msg":"tcproutes.gateway.networking.k8s.io is now ready, building client"}
{"level":"info","time":"2025-11-19T17:48:10.348795Z","msg":"tlsroutes.gateway.networking.k8s.io is now ready, building client"}
{"level":"info","time":"2025-11-19T17:48:10.348797Z","msg":"tlsroutes.gateway.networking.k8s.io is now ready, building client"}
{"level":"info","time":"2025-11-19T17:48:10.348805Z","msg":"tlsroutes.gateway.networking.k8s.io is now ready, building client"}
{"level":"info","time":"2025-11-19T17:48:10.348808Z","msg":"trafficpolicies.gateway.kgateway.dev is now ready, building client"}
{"level":"info","time":"2025-11-19T17:48:10.348816Z","msg":"trafficpolicies.gateway.kgateway.dev is now ready, building client"}
{"level":"info","time":"2025-11-19T17:48:10.348821Z","msg":"trafficpolicies.gateway.kgateway.dev is now ready, building client"}
{"level":"info","time":"2025-11-19T17:48:10.348832Z","msg":"xlistenersets.gateway.networking.x-k8s.io is now ready, building client"}
{"level":"info","time":"2025-11-19T17:48:10.348835Z","msg":"xlistenersets.gateway.networking.x-k8s.io is now ready, building client"}
{"level":"info","time":"2025-11-19T17:48:10.348846Z","msg":"xlistenersets.gateway.networking.x-k8s.io is now ready, building client"}
{"level":"info","time":"2025-11-19T17:48:10.349200Z","scope":"krt","msg":"WrappedPod synced (uid 44)","owner":"WrappedPod"}
{"level":"info","time":"2025-11-19T17:48:10.348243Z","msg":"sync complete","name":"Pods handler","attempt":2,"time":"3.394745ms"}
{"level":"info","time":"2025-11-19T17:48:10.348280Z","msg":"sync complete","name":"Nodes handler","attempt":2,"time":"3.529205ms"}
{"level":"info","time":"2025-11-19T17:48:10.349368Z","scope":"krt","msg":"Collection[*v1.Node,krtcollections.NodeMetadata] synced (uid 42)","owner":"Collection[*v1.Node,krtcollections.NodeMetadata]"}
{"level":"info","time":"2025-11-19T17:48:10.348289Z","msg":"sync complete","name":"Nodes handler","attempt":2,"time":"3.506455ms"}
{"level":"info","time":"2025-11-19T17:48:10.349382Z","scope":"krt","msg":"Collection[*v1.Node,krtcollections.NodeMetadata] synced (uid 15)","owner":"Collection[*v1.Node,krtcollections.NodeMetadata]"}
{"level":"info","time":"2025-11-19T17:48:10.348303Z","msg":"sync complete","name":"informer/EndpointSlices handler","attempt":2,"time":"3.24941ms"}
{"level":"info","time":"2025-11-19T17:48:10.348309Z","msg":"sync complete","name":"informer/Nodes handler","attempt":2,"time":"3.40262ms"}
{"level":"info","time":"2025-11-19T17:48:10.348323Z","msg":"sync complete","name":"informer/Pods handler","attempt":2,"time":"3.367996ms"}
{"level":"info","time":"2025-11-19T17:48:10.348327Z","msg":"sync complete","name":"informer/Services handler","attempt":2,"time":"3.316828ms"}
{"level":"info","time":"2025-11-19T17:48:10.349498Z","scope":"krt","msg":"agentgateway/NodeLocality synced (uid 187)","owner":"agentgateway/NodeLocality"}
{"level":"info","time":"2025-11-19T17:48:10.348333Z","msg":"sync complete","name":"Pods handler","attempt":2,"time":"3.16541ms"}
{"level":"info","time":"2025-11-19T17:48:10.349512Z","scope":"krt","msg":"ManyCollection[*v1.Service,plugins.AgwPolicy] synced (uid 146)","owner":"ManyCollection[*v1.Service,plugins.AgwPolicy]"}
{"level":"info","time":"2025-11-19T17:48:10.349576Z","scope":"krt","msg":"WrappedPod synced (uid 17)","owner":"WrappedPod"}
{"level":"info","time":"2025-11-19T17:48:10.348343Z","msg":"sync complete","name":"Pods handler","attempt":2,"time":"3.207618ms"}
{"level":"info","time":"2025-11-19T17:48:10.348357Z","msg":"sync complete","name":"informer/Services handler","attempt":2,"time":"3.158409ms"}
{"level":"info","time":"2025-11-19T17:48:10.349744Z","scope":"krt","msg":"AugmentPod synced (uid 16)","owner":"AugmentPod"}
{"level":"info","time":"2025-11-19T17:48:10.349917Z","scope":"krt","msg":"AugmentPod synced (uid 43)","owner":"AugmentPod"}
{"level":"info","time":"2025-11-19T17:48:10.352048Z","msg":"sync complete","name":"Informer[*v1.Namespace] handler","attempt":2,"time":"2.302859ms"}
{"level":"info","time":"2025-11-19T17:48:10.352414Z","scope":"krt","msg":"agentgateway/ServicesInfo synced (uid 184)","owner":"agentgateway/ServicesInfo"}
{"level":"info","time":"2025-11-19T17:48:10.354895Z","msg":"sync complete","name":"Secrets","attempt":5,"time":"33.745369ms"}
{"level":"info","time":"2025-11-19T17:48:10.354936Z","scope":"krt","msg":"Secrets synced","owner":"Secrets"}
{"level":"info","time":"2025-11-19T17:48:10.354943Z","msg":"sync complete","name":"ConfigMaps","attempt":5,"time":"33.768411ms"}
{"level":"info","time":"2025-11-19T17:48:10.354951Z","scope":"krt","msg":"ConfigMaps synced","owner":"ConfigMaps"}
{"level":"info","time":"2025-11-19T17:48:10.355341Z","msg":"sync complete","name":"RefGrants","attempt":5,"time":"34.218832ms"}
{"level":"info","time":"2025-11-19T17:48:10.355374Z","scope":"krt","msg":"RefGrants synced","owner":"RefGrants"}
{"level":"info","time":"2025-11-19T17:48:10.356427Z","msg":"sync complete","name":"Services","attempt":5,"time":"35.245427ms"}
{"level":"info","time":"2025-11-19T17:48:10.356524Z","scope":"krt","msg":"Services synced","owner":"Services"}
{"level":"info","time":"2025-11-19T17:48:10.356602Z","msg":"sync complete","name":"ServiceEntries","attempt":5,"time":"35.436887ms"}
{"level":"info","time":"2025-11-19T17:48:10.356632Z","scope":"krt","msg":"ServiceEntries synced","owner":"ServiceEntries"}
{"level":"info","time":"2025-11-19T17:48:10.356645Z","msg":"sync complete","name":"ServiceEntries handler","attempt":1,"time":"208ns"}
{"level":"info","time":"2025-11-19T17:48:10.356663Z","scope":"krt","msg":"SelectingServiceEntries synced (uid 72)","owner":"SelectingServiceEntries"}
{"level":"info","time":"2025-11-19T17:48:10.356735Z","scope":"krt","msg":"ServiceEntrySelectPod synced (uid 75)","owner":"ServiceEntrySelectPod"}
{"level":"info","time":"2025-11-19T17:48:10.356767Z","msg":"sync complete","name":"ServiceEntries handler","attempt":1,"time":"167ns"}
{"level":"info","time":"2025-11-19T17:48:10.356791Z","scope":"krt","msg":"ServiceEntryBackends synced (uid 78)","owner":"ServiceEntryBackends"}
{"level":"info","time":"2025-11-19T17:48:10.356813Z","scope":"krt","msg":"ServiceEntryEndpoints synced (uid 79)","owner":"ServiceEntryEndpoints"}
{"level":"info","time":"2025-11-19T17:48:10.356859Z","scope":"krt","msg":"Collection[ir.BackendObjectIR,*ir.BackendObjectIR] synced (uid 109)","owner":"Collection[ir.BackendObjectIR,*ir.BackendObjectIR]"}
{"level":"info","time":"2025-11-19T17:48:10.356896Z","scope":"krt","msg":"Collection[*ir.BackendObjectIR,*ir.BackendObjectIR] synced (uid 110)","owner":"Collection[*ir.BackendObjectIR,*ir.BackendObjectIR]"}
{"level":"info","time":"2025-11-19T17:48:10.358604Z","msg":"sync complete","name":"Services handler","attempt":2,"time":"2.006605ms"}
{"level":"info","time":"2025-11-19T17:48:10.358729Z","scope":"krt","msg":"KubernetesServiceBackends synced (uid 64)","owner":"KubernetesServiceBackends"}
{"level":"info","time":"2025-11-19T17:48:10.358915Z","msg":"sync complete","name":"Secrets handler","attempt":2,"time":"3.48683ms"}
{"level":"info","time":"2025-11-19T17:48:10.359061Z","scope":"krt","msg":"secrets synced (uid 5)","owner":"secrets"}
{"level":"info","time":"2025-11-19T17:48:10.359095Z","msg":"sync complete","name":"HTTPRoute","attempt":5,"time":"33.68991ms"}
{"level":"info","time":"2025-11-19T17:48:10.359127Z","scope":"krt","msg":"HTTPRoute synced","owner":"HTTPRoute"}
{"level":"info","time":"2025-11-19T17:48:10.359150Z","msg":"sync complete","name":"HTTPRoute handler","attempt":1,"time":"250ns"}
{"level":"info","time":"2025-11-19T17:48:10.359209Z","scope":"krt","msg":"http-routes-with-policy synced (uid 119)","owner":"http-routes-with-policy"}
{"time":"2025-11-19T17:48:10.359138986Z","level":"debug","msg":"building endpoints","component":"krtcollections","kubesvc":{"Namespace":"istio-system","Name":"istio-ingressgateway"}}
{"level":"info","time":"2025-11-19T17:48:10.359293Z","scope":"krt","msg":"routes-http-routes-with-policy synced (uid 120)","owner":"routes-http-routes-with-policy"}
{"level":"info","time":"2025-11-19T17:48:10.360349Z","msg":"sync complete","name":"InferencePool","attempt":5,"time":"35.569181ms"}
{"level":"info","time":"2025-11-19T17:48:10.360378Z","scope":"krt","msg":"InferencePool synced","owner":"InferencePool"}
{"level":"info","time":"2025-11-19T17:48:10.360391Z","msg":"sync complete","name":"InferencePool handler","attempt":1,"time":"209ns"}
{"level":"info","time":"2025-11-19T17:48:10.360402Z","scope":"krt","msg":"InferencePoolBackendsCtl synced (uid 50)","owner":"InferencePoolBackendsCtl"}
{"level":"info","time":"2025-11-19T17:48:10.360815Z","msg":"sync complete","name":"InferencePool handler","attempt":1,"time":"708ns"}
{"level":"info","time":"2025-11-19T17:48:10.360973Z","scope":"krt","msg":"InferencePoolBackendsDP synced (uid 51)","owner":"InferencePoolBackendsDP"}
{"level":"info","time":"2025-11-19T17:48:10.361148Z","scope":"krt","msg":"InferencePoolPolicies synced (uid 54)","owner":"InferencePoolPolicies"}
{"level":"info","time":"2025-11-19T17:48:10.361197Z","scope":"krt","msg":"InferencePool.inference.networking.k8s.io-policiesByTargetRef synced (uid 97)","owner":"InferencePool.inference.networking.k8s.io-policiesByTargetRef"}
{"level":"info","time":"2025-11-19T17:48:10.360400Z","msg":"sync complete","name":"Informer[*v1alpha1.DirectResponse]","attempt":5,"time":"36.32098ms"}
{"level":"info","time":"2025-11-19T17:48:10.361223Z","scope":"krt","msg":"Informer[*v1alpha1.DirectResponse] synced","owner":"Informer[*v1alpha1.DirectResponse]"}
{"level":"info","time":"2025-11-19T17:48:10.360877Z","msg":"sync complete","name":"informer/TLSRoutes","attempt":5,"time":"36.916028ms"}
{"level":"info","time":"2025-11-19T17:48:10.361226Z","scope":"krt","msg":"informer/TLSRoutes synced","owner":"informer/TLSRoutes"}
{"level":"info","time":"2025-11-19T17:48:10.361262Z","msg":"sync complete","name":"informer/TLSRoutes handler","attempt":1,"time":"417ns"}
{"level":"info","time":"2025-11-19T17:48:10.361332Z","scope":"krt","msg":"agentgateway/TLSRoutes synced (uid 168)","owner":"agentgateway/TLSRoutes"}
{"level":"info","time":"2025-11-19T17:48:10.361385Z","scope":"krt","msg":"Collection[ir.BackendObjectIR,*ir.BackendObjectIR] synced (uid 112)","owner":"Collection[ir.BackendObjectIR,*ir.BackendObjectIR]"}
{"level":"info","time":"2025-11-19T17:48:10.361415Z","msg":"sync complete","name":"informer/BackendTLSPolicies","attempt":5,"time":"36.850819ms"}
{"level":"info","time":"2025-11-19T17:48:10.361559Z","scope":"krt","msg":"informer/BackendTLSPolicies synced","owner":"informer/BackendTLSPolicies"}
{"level":"info","time":"2025-11-19T17:48:10.361578Z","msg":"sync complete","name":"informer/BackendTLSPolicies handler","attempt":1,"time":"375ns"}
{"level":"info","time":"2025-11-19T17:48:10.361636Z","scope":"krt","msg":"ManyCollection[*v1.BackendTLSPolicy,plugins.AgwPolicy] synced (uid 147)","owner":"ManyCollection[*v1.BackendTLSPolicy,plugins.AgwPolicy]"}
{"level":"info","time":"2025-11-19T17:48:10.361426Z","msg":"sync complete","name":"informer/GatewayClasses","attempt":5,"time":"38.213959ms"}
{"level":"info","time":"2025-11-19T17:48:10.361687Z","scope":"krt","msg":"informer/GatewayClasses synced","owner":"informer/GatewayClasses"}
{"level":"info","time":"2025-11-19T17:48:10.361726Z","msg":"sync complete","name":"informer/TLSRoutes handler","attempt":1,"time":"417ns"}
{"level":"info","time":"2025-11-19T17:48:10.361798Z","scope":"krt","msg":"agentgateway/TLSRoute/count synced (uid 172)","owner":"agentgateway/TLSRoute/count"}
{"level":"info","time":"2025-11-19T17:48:10.361459Z","msg":"sync complete","name":"EndpointSlices handler","attempt":2,"time":"2.2629ms"}
{"level":"info","time":"2025-11-19T17:48:10.361492Z","msg":"sync complete","name":"informer/ReferenceGrants","attempt":5,"time":"37.528702ms"}
{"level":"info","time":"2025-11-19T17:48:10.362045Z","scope":"krt","msg":"informer/ReferenceGrants synced","owner":"informer/ReferenceGrants"}
{"level":"info","time":"2025-11-19T17:48:10.362100Z","msg":"sync complete","name":"informer/ReferenceGrants handler","attempt":1,"time":"208ns"}
{"level":"info","time":"2025-11-19T17:48:10.362180Z","scope":"krt","msg":"agentgateway/ReferenceGrants synced (uid 149)","owner":"agentgateway/ReferenceGrants"}
{"level":"info","time":"2025-11-19T17:48:10.361750Z","scope":"krt","msg":"Collection[ir.BackendObjectIR,ir.EndpointsForBackend] synced (uid 52)","owner":"Collection[ir.BackendObjectIR,ir.EndpointsForBackend]"}
{"level":"info","time":"2025-11-19T17:48:10.361484Z","msg":"sync complete","name":"informer/HTTPRoutes","attempt":5,"time":"38.232668ms"}
{"level":"info","time":"2025-11-19T17:48:10.362270Z","scope":"krt","msg":"informer/HTTPRoutes synced","owner":"informer/HTTPRoutes"}
{"level":"info","time":"2025-11-19T17:48:10.362293Z","msg":"sync complete","name":"informer/HTTPRoutes handler","attempt":1,"time":"292ns"}
{"level":"info","time":"2025-11-19T17:48:10.362337Z","scope":"krt","msg":"agentgateway/HTTPRoutes synced (uid 162)","owner":"agentgateway/HTTPRoutes"}
{"level":"info","time":"2025-11-19T17:48:10.362546Z","msg":"sync complete","name":"Informer[*v1alpha1.TrafficPolicy]","attempt":5,"time":"38.233792ms"}
{"level":"info","time":"2025-11-19T17:48:10.362556Z","scope":"krt","msg":"Informer[*v1alpha1.TrafficPolicy] synced","owner":"Informer[*v1alpha1.TrafficPolicy]"}
{"level":"info","time":"2025-11-19T17:48:10.362562Z","msg":"sync complete","name":"informer/GRPCRoutes","attempt":5,"time":"38.638422ms"}
{"level":"info","time":"2025-11-19T17:48:10.362566Z","scope":"krt","msg":"informer/GRPCRoutes synced","owner":"informer/GRPCRoutes"}
{"level":"info","time":"2025-11-19T17:48:10.360909Z","msg":"sync complete","name":"informer/TCPRoutes","attempt":5,"time":"36.954487ms"}
{"level":"info","time":"2025-11-19T17:48:10.362703Z","scope":"krt","msg":"informer/TCPRoutes synced","owner":"informer/TCPRoutes"}
{"level":"info","time":"2025-11-19T17:48:10.362808Z","msg":"sync complete","name":"informer/TCPRoutes handler","attempt":1,"time":"333ns"}
{"level":"info","time":"2025-11-19T17:48:10.362877Z","scope":"krt","msg":"agentgateway/TCPRoutes synced (uid 166)","owner":"agentgateway/TCPRoutes"}
{"time":"2025-11-19T17:48:10.36297682Z","level":"debug","msg":"created endpoint","component":"krtcollections","kubesvc":{"Namespace":"istio-system","Name":"istio-ingressgateway"},"total_endpoints":1}
{"time":"2025-11-19T17:48:10.363220031Z","level":"debug","msg":"building endpoints","component":"krtcollections","kubesvc":{"Namespace":"kube-system","Name":"kube-dns"}}
{"time":"2025-11-19T17:48:10.363247781Z","level":"debug","msg":"created endpoint","component":"krtcollections","kubesvc":{"Namespace":"kube-system","Name":"kube-dns"},"total_endpoints":1}
{"time":"2025-11-19T17:48:10.36330224Z","level":"debug","msg":"building endpoints","component":"krtcollections","kubesvc":{"Namespace":"agent-gateway-test","Name":"kgateway"}}
{"time":"2025-11-19T17:48:10.363318407Z","level":"debug","msg":"no ports found in endpointslices for service","component":"krtcollections","kubesvc":{"Namespace":"agent-gateway-test","Name":"kgateway"},"name":"kgateway","namespace":"agent-gateway-test"}
{"time":"2025-11-19T17:48:10.363437325Z","level":"debug","msg":"building endpoints","component":"krtcollections","kubesvc":{"Namespace":"istio-system","Name":"istio-ingressgateway"}}
{"time":"2025-11-19T17:48:10.363479075Z","level":"debug","msg":"created endpoint","component":"krtcollections","kubesvc":{"Namespace":"istio-system","Name":"istio-ingressgateway"},"total_endpoints":1}
{"time":"2025-11-19T17:48:10.363491992Z","level":"debug","msg":"building endpoints","component":"krtcollections","kubesvc":{"Namespace":"istio-system","Name":"istiod"}}
{"time":"2025-11-19T17:48:10.36350645Z","level":"debug","msg":"created endpoint","component":"krtcollections","kubesvc":{"Namespace":"istio-system","Name":"istiod"},"total_endpoints":1}
{"time":"2025-11-19T17:48:10.363531576Z","level":"debug","msg":"building endpoints","component":"krtcollections","kubesvc":{"Namespace":"istio-system","Name":"istiod"}}
{"time":"2025-11-19T17:48:10.363552784Z","level":"debug","msg":"created endpoint","component":"krtcollections","kubesvc":{"Namespace":"istio-system","Name":"istiod"},"total_endpoints":1}
{"level":"info","time":"2025-11-19T17:48:10.362901Z","msg":"sync complete","name":"informer/GRPCRoutes handler","attempt":1,"time":"250ns"}
{"level":"info","time":"2025-11-19T17:48:10.363039Z","scope":"krt","msg":"agentgateway/GRPCRoute/count synced (uid 171)","owner":"agentgateway/GRPCRoute/count"}
{"level":"info","time":"2025-11-19T17:48:10.362631Z","msg":"sync complete","name":"informer/GRPCRoutes handler","attempt":1,"time":"208ns"}
{"level":"info","time":"2025-11-19T17:48:10.363062Z","scope":"krt","msg":"agentgateway/GRPCRoutes synced (uid 164)","owner":"agentgateway/GRPCRoutes"}
{"level":"info","time":"2025-11-19T17:48:10.363071Z","msg":"sync complete","name":"informer/TCPRoutes handler","attempt":1,"time":"250ns"}
{"level":"info","time":"2025-11-19T17:48:10.363094Z","scope":"krt","msg":"agentgateway/TCPRoute/count synced (uid 173)","owner":"agentgateway/TCPRoute/count"}
{"level":"info","time":"2025-11-19T17:48:10.361671Z","scope":"krt","msg":"Collection[*ir.BackendObjectIR,*ir.BackendObjectIR] synced (uid 113)","owner":"Collection[*ir.BackendObjectIR,*ir.BackendObjectIR]"}
{"level":"info","time":"2025-11-19T17:48:10.362654Z","msg":"sync complete","name":"informer/InferencePools","attempt":5,"time":"38.534962ms"}
{"level":"info","time":"2025-11-19T17:48:10.363207Z","scope":"krt","msg":"informer/InferencePools synced","owner":"informer/InferencePools"}
{"level":"info","time":"2025-11-19T17:48:10.363282Z","msg":"sync complete","name":"informer/InferencePools handler","attempt":1,"time":"209ns"}
{"level":"info","time":"2025-11-19T17:48:10.363309Z","scope":"krt","msg":"ManyCollection[*v1.InferencePool,plugins.AgwPolicy] synced (uid 145)","owner":"ManyCollection[*v1.InferencePool,plugins.AgwPolicy]"}
{"level":"info","time":"2025-11-19T17:48:10.362923Z","msg":"sync complete","name":"informer/HTTPRoutes handler","attempt":1,"time":"125ns"}
{"level":"info","time":"2025-11-19T17:48:10.363337Z","scope":"krt","msg":"agentgateway/HTTPRoute/count synced (uid 170)","owner":"agentgateway/HTTPRoute/count"}
{"level":"info","time":"2025-11-19T17:48:10.363362Z","scope":"krt","msg":"Join[*translator.RouteAttachment] synced"}
{"level":"info","time":"2025-11-19T17:48:10.363455Z","msg":"sync complete","name":"informer/InferencePools handler","attempt":1,"time":"125ns"}
{"level":"info","time":"2025-11-19T17:48:10.363514Z","scope":"krt","msg":"agentgateway/InferencePools synced (uid 185)","owner":"agentgateway/InferencePools"}
{"level":"info","time":"2025-11-19T17:48:10.363561Z","scope":"krt","msg":"agentgateway/WorkloadService synced"}
{"level":"info","time":"2025-11-19T17:48:10.362138Z","msg":"sync complete","name":"informer/XListenerSets","attempt":5,"time":"38.165459ms"}
{"level":"info","time":"2025-11-19T17:48:10.363578Z","scope":"krt","msg":"informer/XListenerSets synced","owner":"informer/XListenerSets"}
{"level":"info","time":"2025-11-19T17:48:10.363616Z","msg":"sync complete","name":"informer/XListenerSets handler","attempt":1,"time":"166ns"}
{"time":"2025-11-19T17:48:10.363641035Z","level":"debug","msg":"building endpoints","component":"krtcollections","kubesvc":{"Namespace":"istio-system","Name":"istiod"}}
{"time":"2025-11-19T17:48:10.363681911Z","level":"debug","msg":"created endpoint","component":"krtcollections","kubesvc":{"Namespace":"istio-system","Name":"istiod"},"total_endpoints":1}
{"time":"2025-11-19T17:48:10.363732661Z","level":"debug","msg":"building endpoints","component":"krtcollections","kubesvc":{"Namespace":"istio-system","Name":"istiod"}}
{"time":"2025-11-19T17:48:10.363794245Z","level":"debug","msg":"created endpoint","component":"krtcollections","kubesvc":{"Namespace":"istio-system","Name":"istiod"},"total_endpoints":1}
{"level":"info","time":"2025-11-19T17:48:10.363698Z","scope":"krt","msg":"agentgateway/ListenerSets synced (uid 152)","owner":"agentgateway/ListenerSets"}
{"time":"2025-11-19T17:48:10.363868663Z","level":"debug","msg":"building endpoints","component":"krtcollections","kubesvc":{"Namespace":"kube-system","Name":"kube-dns"}}
{"time":"2025-11-19T17:48:10.363894205Z","level":"debug","msg":"created endpoint","component":"krtcollections","kubesvc":{"Namespace":"kube-system","Name":"kube-dns"},"total_endpoints":1}
{"time":"2025-11-19T17:48:10.363944705Z","level":"debug","msg":"building endpoints","component":"krtcollections","kubesvc":{"Namespace":"agent-gateway-test","Name":"kgateway"}}
{"time":"2025-11-19T17:48:10.364020789Z","level":"debug","msg":"no ports found in endpointslices for service","component":"krtcollections","kubesvc":{"Namespace":"agent-gateway-test","Name":"kgateway"},"name":"kgateway","namespace":"agent-gateway-test"}
{"time":"2025-11-19T17:48:10.36407404Z","level":"debug","msg":"building endpoints","component":"krtcollections","kubesvc":{"Namespace":"extproc-debug","Name":"backend"}}
{"time":"2025-11-19T17:48:10.364096499Z","level":"debug","msg":"created endpoint","component":"krtcollections","kubesvc":{"Namespace":"extproc-debug","Name":"backend"},"total_endpoints":1}
{"time":"2025-11-19T17:48:10.364119999Z","level":"debug","msg":"building endpoints","component":"krtcollections","kubesvc":{"Namespace":"istio-system","Name":"istio-ingressgateway"}}
{"time":"2025-11-19T17:48:10.364140457Z","level":"debug","msg":"created endpoint","component":"krtcollections","kubesvc":{"Namespace":"istio-system","Name":"istio-ingressgateway"},"total_endpoints":1}
{"time":"2025-11-19T17:48:10.364208375Z","level":"debug","msg":"building endpoints","component":"krtcollections","kubesvc":{"Namespace":"metallb-system","Name":"webhook-service"}}
{"time":"2025-11-19T17:48:10.364483878Z","level":"debug","msg":"created endpoint","component":"krtcollections","kubesvc":{"Namespace":"metallb-system","Name":"webhook-service"},"total_endpoints":1}
{"time":"2025-11-19T17:48:10.364496545Z","level":"debug","msg":"building endpoints","component":"krtcollections","kubesvc":{"Namespace":"default","Name":"kubernetes"}}
{"time":"2025-11-19T17:48:10.364512378Z","level":"debug","msg":"created endpoint","component":"krtcollections","kubesvc":{"Namespace":"default","Name":"kubernetes"},"total_endpoints":1}
{"time":"2025-11-19T17:48:10.364520003Z","level":"debug","msg":"building endpoints","component":"krtcollections","kubesvc":{"Namespace":"extproc-debug","Name":"ext-proc-grpc"}}
{"time":"2025-11-19T17:48:10.36453442Z","level":"debug","msg":"created endpoint","component":"krtcollections","kubesvc":{"Namespace":"extproc-debug","Name":"ext-proc-grpc"},"total_endpoints":1}
{"level":"info","time":"2025-11-19T17:48:10.364747Z","scope":"krt","msg":"agentgateway/EndpointSliceWorkloads synced (uid 191)","owner":"agentgateway/EndpointSliceWorkloads"}
{"level":"info","time":"2025-11-19T17:48:10.364786Z","scope":"krt","msg":"K8sEndpoints synced (uid 66)","owner":"K8sEndpoints"}
{"time":"2025-11-19T17:48:10.365077343Z","level":"debug","msg":"building endpoints","component":"krtcollections","kubesvc":{"Namespace":"extproc-debug","Name":"backend"}}
{"time":"2025-11-19T17:48:10.365106718Z","level":"debug","msg":"created endpoint","component":"krtcollections","kubesvc":{"Namespace":"extproc-debug","Name":"backend"},"total_endpoints":1}
{"level":"info","time":"2025-11-19T17:48:10.363082Z","scope":"krt","msg":"agentgateway/ADPRoutes synced"}
{"level":"info","time":"2025-11-19T17:48:10.362644Z","msg":"sync complete","name":"Informer[*v1.Secret]","attempt":5,"time":"39.448473ms"}
{"level":"info","time":"2025-11-19T17:48:10.365135Z","scope":"krt","msg":"Informer[*v1.Secret] synced","owner":"Informer[*v1.Secret]"}
{"level":"info","time":"2025-11-19T17:48:10.364793Z","msg":"sync complete","name":"TCPRoute","attempt":5,"time":"39.373055ms"}
{"level":"info","time":"2025-11-19T17:48:10.365146Z","scope":"krt","msg":"TCPRoute synced","owner":"TCPRoute"}
{"level":"info","time":"2025-11-19T17:48:10.365184Z","msg":"sync complete","name":"TCPRoute handler","attempt":1,"time":"1.041µs"}
{"level":"info","time":"2025-11-19T17:48:10.365205Z","scope":"krt","msg":"routes-tcp-routes-with-policy synced (uid 121)","owner":"routes-tcp-routes-with-policy"}
{"level":"info","time":"2025-11-19T17:48:10.364805Z","msg":"sync complete","name":"DirectResponse","attempt":5,"time":"39.814352ms"}
{"level":"info","time":"2025-11-19T17:48:10.365209Z","scope":"krt","msg":"DirectResponse synced","owner":"DirectResponse"}
{"level":"info","time":"2025-11-19T17:48:10.365239Z","msg":"sync complete","name":"DirectResponse handler","attempt":1,"time":"500ns"}
{"level":"info","time":"2025-11-19T17:48:10.365250Z","scope":"krt","msg":"Collection[*v1alpha1.DirectResponse,ir.PolicyWrapper] synced (uid 62)","owner":"Collection[*v1alpha1.DirectResponse,ir.PolicyWrapper]"}
{"level":"info","time":"2025-11-19T17:48:10.365273Z","scope":"krt","msg":"DirectResponse.gateway.kgateway.dev-policiesByTargetRef synced (uid 91)","owner":"DirectResponse.gateway.kgateway.dev-policiesByTargetRef"}
{"level":"info","time":"2025-11-19T17:48:10.364810Z","msg":"sync complete","name":"BackendTLSPolicy","attempt":5,"time":"39.717808ms"}
{"level":"info","time":"2025-11-19T17:48:10.365285Z","scope":"krt","msg":"BackendTLSPolicy synced","owner":"BackendTLSPolicy"}
{"level":"info","time":"2025-11-19T17:48:10.365312Z","msg":"sync complete","name":"BackendTLSPolicy handler","attempt":1,"time":"333ns"}
{"level":"info","time":"2025-11-19T17:48:10.365319Z","scope":"krt","msg":"BackendTLSPolicyIRs synced (uid 70)","owner":"BackendTLSPolicyIRs"}
{"level":"info","time":"2025-11-19T17:48:10.365337Z","scope":"krt","msg":"BackendTLSPolicy.gateway.networking.k8s.io-policiesByTargetRef synced (uid 95)","owner":"BackendTLSPolicy.gateway.networking.k8s.io-policiesByTargetRef"}
{"level":"info","time":"2025-11-19T17:48:10.364817Z","msg":"sync complete","name":"WorkloadEntries","attempt":5,"time":"39.681517ms"}
{"level":"info","time":"2025-11-19T17:48:10.365352Z","scope":"krt","msg":"WorkloadEntries synced","owner":"WorkloadEntries"}
{"level":"info","time":"2025-11-19T17:48:10.365360Z","msg":"sync complete","name":"WorkloadEntries handler","attempt":1,"time":"416ns"}
{"level":"info","time":"2025-11-19T17:48:10.365367Z","scope":"krt","msg":"ServiceEntrySelectWorkloadEntry synced (uid 74)","owner":"ServiceEntrySelectWorkloadEntry"}
{"level":"info","time":"2025-11-19T17:48:10.365373Z","scope":"krt","msg":"ServiceEntrySelectWorkloads synced"}
{"level":"info","time":"2025-11-19T17:48:10.364821Z","msg":"sync complete","name":"KubeListenerSets","attempt":5,"time":"39.210803ms"}
{"level":"info","time":"2025-11-19T17:48:10.365381Z","scope":"krt","msg":"KubeListenerSets synced","owner":"KubeListenerSets"}
{"level":"info","time":"2025-11-19T17:48:10.364876Z","msg":"sync complete","name":"informer/GatewayClasses handler","attempt":2,"time":"2.806197ms"}
{"level":"info","time":"2025-11-19T17:48:10.365381Z","msg":"sync complete","name":"GRPCRoute","attempt":5,"time":"39.949186ms"}
{"level":"info","time":"2025-11-19T17:48:10.365397Z","scope":"krt","msg":"GRPCRoute synced","owner":"GRPCRoute"}
{"time":"2025-11-19T17:48:10.36517276Z","level":"debug","msg":"building endpoints","component":"krtcollections","kubesvc":{"Namespace":"extproc-debug","Name":"ext-proc-grpc"}}
{"time":"2025-11-19T17:48:10.365186052Z","level":"debug","msg":"created endpoint","component":"krtcollections","kubesvc":{"Namespace":"extproc-debug","Name":"ext-proc-grpc"},"total_endpoints":1}
{"time":"2025-11-19T17:48:10.365196844Z","level":"debug","msg":"building endpoints","component":"krtcollections","kubesvc":{"Namespace":"istio-system","Name":"istio-ingressgateway"}}
{"time":"2025-11-19T17:48:10.365208261Z","level":"debug","msg":"created endpoint","component":"krtcollections","kubesvc":{"Namespace":"istio-system","Name":"istio-ingressgateway"},"total_endpoints":1}
{"time":"2025-11-19T17:48:10.365211552Z","level":"debug","msg":"building endpoints","component":"krtcollections","kubesvc":{"Namespace":"istio-system","Name":"istio-ingressgateway"}}
{"time":"2025-11-19T17:48:10.365318845Z","level":"debug","msg":"created endpoint","component":"krtcollections","kubesvc":{"Namespace":"istio-system","Name":"istio-ingressgateway"},"total_endpoints":1}
{"time":"2025-11-19T17:48:10.365328137Z","level":"debug","msg":"building endpoints","component":"krtcollections","kubesvc":{"Namespace":"istio-system","Name":"istio-ingressgateway"}}
{"time":"2025-11-19T17:48:10.365348054Z","level":"debug","msg":"created endpoint","component":"krtcollections","kubesvc":{"Namespace":"istio-system","Name":"istio-ingressgateway"},"total_endpoints":1}
{"time":"2025-11-19T17:48:10.365363846Z","level":"debug","msg":"building endpoints","component":"krtcollections","kubesvc":{"Namespace":"istio-system","Name":"istiod"}}
{"time":"2025-11-19T17:48:10.365374304Z","level":"debug","msg":"created endpoint","component":"krtcollections","kubesvc":{"Namespace":"istio-system","Name":"istiod"},"total_endpoints":1}
{"time":"2025-11-19T17:48:10.365380179Z","level":"debug","msg":"building endpoints","component":"krtcollections","kubesvc":{"Namespace":"istio-system","Name":"istiod"}}
{"time":"2025-11-19T17:48:10.365431555Z","level":"debug","msg":"created endpoint","component":"krtcollections","kubesvc":{"Namespace":"istio-system","Name":"istiod"},"total_endpoints":1}
{"time":"2025-11-19T17:48:10.365435305Z","level":"debug","msg":"building endpoints","component":"krtcollections","kubesvc":{"Namespace":"istio-system","Name":"istiod"}}
{"time":"2025-11-19T17:48:10.365456805Z","level":"debug","msg":"created endpoint","component":"krtcollections","kubesvc":{"Namespace":"istio-system","Name":"istiod"},"total_endpoints":1}
{"time":"2025-11-19T17:48:10.365489097Z","level":"debug","msg":"building endpoints","component":"krtcollections","kubesvc":{"Namespace":"istio-system","Name":"istiod"}}
{"level":"info","time":"2025-11-19T17:48:10.364825Z","msg":"sync complete","name":"TLSRoute","attempt":5,"time":"39.398847ms"}
{"level":"info","time":"2025-11-19T17:48:10.364915Z","msg":"sync complete","name":"crd watcher","attempt":5,"time":"37.138698ms"}
{"level":"info","time":"2025-11-19T17:48:10.364921Z","msg":"sync complete","name":"TrafficPolicy","attempt":5,"time":"39.988187ms"}
{"level":"info","time":"2025-11-19T17:48:10.365565Z","scope":"krt","msg":"TrafficPolicy synced","owner":"TrafficPolicy"}
{"level":"info","time":"2025-11-19T17:48:10.365596Z","scope":"krt","msg":"TLSRoute synced","owner":"TLSRoute"}
{"level":"info","time":"2025-11-19T17:48:10.365804Z","scope":"krt","msg":"agentgateway/GatewayClasses synced (uid 148)","owner":"agentgateway/GatewayClasses"}
{"level":"info","time":"2025-11-19T17:48:10.362639Z","msg":"sync complete","name":"informer/Gateways","attempt":5,"time":"39.394972ms"}
{"level":"info","time":"2025-11-19T17:48:10.365825Z","scope":"krt","msg":"informer/Gateways synced","owner":"informer/Gateways"}
{"level":"info","time":"2025-11-19T17:48:10.365608Z","msg":"sync complete","name":"TrafficPolicy handler","attempt":1,"time":"542ns"}
{"level":"info","time":"2025-11-19T17:48:10.365890Z","scope":"krt","msg":"Collection[*v1alpha1.TrafficPolicy,ir.PolicyWrapper] synced (uid 60)","owner":"Collection[*v1alpha1.TrafficPolicy,ir.PolicyWrapper]"}
{"level":"info","time":"2025-11-19T17:48:10.365903Z","scope":"krt","msg":"TrafficPolicy.gateway.kgateway.dev-policiesByTargetRef synced (uid 99)","owner":"TrafficPolicy.gateway.kgateway.dev-policiesByTargetRef"}
{"level":"info","time":"2025-11-19T17:48:10.365578Z","msg":"sync complete","name":"GRPCRoute handler","attempt":1,"time":"459ns"}
{"level":"info","time":"2025-11-19T17:48:10.365925Z","scope":"krt","msg":"routes-grpc-routes-with-policy synced (uid 123)","owner":"routes-grpc-routes-with-policy"}
{"time":"2025-11-19T17:48:10.365743683Z","level":"debug","msg":"created endpoint","component":"krtcollections","kubesvc":{"Namespace":"istio-system","Name":"istiod"},"total_endpoints":1}
{"time":"2025-11-19T17:48:10.365968061Z","level":"debug","msg":"building endpoints","component":"krtcollections","kubesvc":{"Namespace":"kube-system","Name":"kube-dns"}}
{"time":"2025-11-19T17:48:10.365995853Z","level":"debug","msg":"created endpoint","component":"krtcollections","kubesvc":{"Namespace":"kube-system","Name":"kube-dns"},"total_endpoints":1}
{"time":"2025-11-19T17:48:10.366005019Z","level":"debug","msg":"building endpoints","component":"krtcollections","kubesvc":{"Namespace":"kube-system","Name":"kube-dns"}}
{"time":"2025-11-19T17:48:10.36603027Z","level":"debug","msg":"created endpoint","component":"krtcollections","kubesvc":{"Namespace":"kube-system","Name":"kube-dns"},"total_endpoints":1}
{"time":"2025-11-19T17:48:10.366047186Z","level":"debug","msg":"building endpoints","component":"krtcollections","kubesvc":{"Namespace":"metallb-system","Name":"webhook-service"}}
{"time":"2025-11-19T17:48:10.36605777Z","level":"debug","msg":"created endpoint","component":"krtcollections","kubesvc":{"Namespace":"metallb-system","Name":"webhook-service"},"total_endpoints":1}
{"time":"2025-11-19T17:48:10.366067812Z","level":"debug","msg":"building endpoints","component":"krtcollections","kubesvc":{"Namespace":"agent-gateway-test","Name":"kgateway"}}
{"time":"2025-11-19T17:48:10.36607527Z","level":"debug","msg":"no ports found in endpointslices for service","component":"krtcollections","kubesvc":{"Namespace":"agent-gateway-test","Name":"kgateway"},"name":"kgateway","namespace":"agent-gateway-test"}
{"time":"2025-11-19T17:48:10.366082604Z","level":"debug","msg":"building endpoints","component":"krtcollections","kubesvc":{"Namespace":"agent-gateway-test","Name":"kgateway"}}
{"level":"info","time":"2025-11-19T17:48:10.364925Z","msg":"sync complete","name":"KubeGateways","attempt":5,"time":"39.49264ms"}
{"level":"info","time":"2025-11-19T17:48:10.366256Z","scope":"krt","msg":"KubeGateways synced","owner":"KubeGateways"}
{"time":"2025-11-19T17:48:10.366088979Z","level":"debug","msg":"no ports found in endpointslices for service","component":"krtcollections","kubesvc":{"Namespace":"agent-gateway-test","Name":"kgateway"},"name":"kgateway","namespace":"agent-gateway-test"}
{"time":"2025-11-19T17:48:10.366432232Z","level":"debug","msg":"building endpoints","component":"krtcollections","kubesvc":{"Namespace":"default","Name":"kubernetes"}}
{"time":"2025-11-19T17:48:10.366440232Z","level":"debug","msg":"created endpoint","component":"krtcollections","kubesvc":{"Namespace":"default","Name":"kubernetes"},"total_endpoints":1}
{"level":"info","time":"2025-11-19T17:48:10.366412Z","msg":"sync complete","name":"informer/EndpointSlices handler","attempt":2,"time":"2.444193ms"}
{"level":"info","time":"2025-11-19T17:48:10.366548Z","msg":"sync complete","name":"TLSRoute handler","attempt":1,"time":"1.417µs"}
{"level":"info","time":"2025-11-19T17:48:10.366603Z","scope":"krt","msg":"routes-tls-routes-with-policy synced (uid 122)","owner":"routes-tls-routes-with-policy"}
{"level":"info","time":"2025-11-19T17:48:10.366609Z","scope":"krt","msg":"all-routes-with-policy synced"}
{"level":"info","time":"2025-11-19T17:48:10.366631Z","scope":"krt","msg":"agentgateway/PodWorkloads synced (uid 190)","owner":"agentgateway/PodWorkloads"}
{"level":"info","time":"2025-11-19T17:48:10.366741Z","scope":"krt","msg":"agentgateway/Workloads synced"}
{"level":"info","time":"2025-11-19T17:48:10.366750Z","scope":"krt","msg":"agentgateway/Addresses synced"}
{"level":"info","time":"2025-11-19T17:48:10.367990Z","msg":"sync complete","name":"TrafficPolicy","attempt":5,"time":"40.909572ms"}
{"level":"info","time":"2025-11-19T17:48:10.368065Z","scope":"krt","msg":"TrafficPolicy synced","owner":"TrafficPolicy"}
{"level":"info","time":"2025-11-19T17:48:10.368139Z","msg":"sync complete","name":"informer/Gateways handler","attempt":2,"time":"2.271983ms"}
{"level":"info","time":"2025-11-19T17:48:10.368360Z","scope":"krt","msg":"agentgateway/Waypoints synced (uid 183)","owner":"agentgateway/Waypoints"}
{"level":"info","time":"2025-11-19T17:48:10.368233Z","msg":"sync complete","name":"TrafficPolicy handler","attempt":1,"time":"625ns"}
{"level":"info","time":"2025-11-19T17:48:10.368375Z","scope":"krt","msg":"NewStatusManyCollection[*v1alpha1.TrafficPolicy,v1.PolicyStatus,plugins.AgwPolicy] synced (uid 143)","owner":"NewStatusManyCollection[*v1alpha1.TrafficPolicy,v1.PolicyStatus,plugins.AgwPolicy]"}
{"level":"info","time":"2025-11-19T17:48:10.368250Z","msg":"sync complete","name":"informer/Gateways handler","attempt":2,"time":"2.406402ms"}
{"level":"info","time":"2025-11-19T17:48:10.368599Z","scope":"krt","msg":"agentgateway/KubernetesGateway synced (uid 155)","owner":"agentgateway/KubernetesGateway"}
{"level":"info","time":"2025-11-19T17:48:10.368623Z","scope":"krt","msg":"agentgateway/JoinPolicies synced"}
{"level":"info","time":"2025-11-19T17:48:10.368675Z","scope":"krt","msg":"agentgateway/AllPolicies synced (uid 176)","owner":"agentgateway/AllPolicies"}
{"time":"2025-11-19T17:48:10.368517547Z","level":"debug","msg":"translating Gateway","component":"agentgateway/translator","gw_name":"gw","resource_version":"1979994"}
{"level":"info","time":"2025-11-19T17:48:10.368802Z","scope":"krt","msg":"agentgateway/GatewayFinalStatus synced (uid 181)","owner":"agentgateway/GatewayFinalStatus"}
{"level":"info","time":"2025-11-19T17:48:10.368844Z","scope":"krt","msg":"agentgateway/Listeners synced (uid 159)","owner":"agentgateway/Listeners"}
{"level":"info","time":"2025-11-19T17:48:10.368891Z","scope":"krt","msg":"agentgateway/Binds synced (uid 158)","owner":"agentgateway/Binds"}
{"level":"info","time":"2025-11-19T17:48:10.368910Z","msg":"sync complete","name":"KubeGateways handler","attempt":2,"time":"2.60932ms"}
{"level":"info","time":"2025-11-19T17:48:10.368943Z","msg":"sync complete","name":"KubeGateways handler","attempt":2,"time":"2.657863ms"}
{"level":"info","time":"2025-11-19T17:48:10.371637Z","msg":"sync complete","name":"KubeGatewayClasses handler","attempt":2,"time":"2.656196ms"}
{"level":"info","time":"2025-11-19T17:48:10.371754Z","msg":"sync complete","name":"KubeGatewayClasses handler","attempt":2,"time":"2.808448ms"}
{"level":"info","time":"2025-11-19T17:48:10.371858Z","scope":"krt","msg":"gateways synced (uid 118)","owner":"gateways"}
{"level":"info","time":"2025-11-19T17:48:10.371862Z","msg":"sync complete","name":"KubeListenerSets handler","attempt":1,"time":"458ns"}
{"level":"info","time":"2025-11-19T17:48:10.371912Z","scope":"krt","msg":"Collection[*v1.Gateway,ir.GatewayForDeployer] synced (uid 117)","owner":"Collection[*v1.Gateway,ir.GatewayForDeployer]"}
{"level":"info","time":"2025-11-19T17:48:10.371924Z","scope":"krt","msg":"MostXdsSnapshots synced (uid 129)","owner":"MostXdsSnapshots"}
{"level":"info","time":"2025-11-19T17:48:10.372045Z","scope":"krt","msg":"Collection[krt.dummyValue,proxy_syncer.report] synced (uid 140)","owner":"Collection[krt.dummyValue,proxy_syncer.report]"}
{"level":"info","time":"2025-11-19T17:48:10.394306Z","msg":"sync complete","name":"Informer[*v1alpha1.GatewayExtension]","attempt":6,"time":"70.170475ms"}
{"level":"info","time":"2025-11-19T17:48:10.394350Z","scope":"krt","msg":"Informer[*v1alpha1.GatewayExtension] synced","owner":"Informer[*v1alpha1.GatewayExtension]"}
{"level":"info","time":"2025-11-19T17:48:10.394366Z","msg":"sync complete","name":"Backends","attempt":6,"time":"69.458592ms"}
{"level":"info","time":"2025-11-19T17:48:10.394380Z","scope":"krt","msg":"Backends synced","owner":"Backends"}
{"level":"info","time":"2025-11-19T17:48:10.394408Z","msg":"sync complete","name":"Backends handler","attempt":1,"time":"541ns"}
{"level":"info","time":"2025-11-19T17:48:10.394438Z","scope":"krt","msg":"Collection[*v1alpha1.Backend,ir.BackendObjectIR] synced (uid 56)","owner":"Collection[*v1alpha1.Backend,ir.BackendObjectIR]"}
{"level":"info","time":"2025-11-19T17:48:10.394471Z","scope":"krt","msg":"Collection[ir.BackendObjectIR,*ir.BackendObjectIR] synced (uid 103)","owner":"Collection[ir.BackendObjectIR,*ir.BackendObjectIR]"}
{"level":"info","time":"2025-11-19T17:48:10.394491Z","scope":"krt","msg":"Collection[*ir.BackendObjectIR,*ir.BackendObjectIR] synced (uid 104)","owner":"Collection[*ir.BackendObjectIR,*ir.BackendObjectIR]"}
{"level":"info","time":"2025-11-19T17:48:10.394517Z","msg":"sync complete","name":"Backends handler","attempt":1,"time":"334ns"}
{"level":"info","time":"2025-11-19T17:48:10.394530Z","scope":"krt","msg":"Collection[*v1alpha1.Backend,ir.EndpointsForBackend] synced (uid 57)","owner":"Collection[*v1alpha1.Backend,ir.EndpointsForBackend]"}
{"level":"info","time":"2025-11-19T17:48:10.394537Z","scope":"krt","msg":"EndpointIRs synced"}
{"level":"info","time":"2025-11-19T17:48:10.394641Z","scope":"krt","msg":"PerClientEnvoyEndpoints synced (uid 130)","owner":"PerClientEnvoyEndpoints"}
{"level":"info","time":"2025-11-19T17:48:10.394692Z","msg":"sync complete","name":"Informer[*v1alpha1.Backend]","attempt":6,"time":"70.580854ms"}
{"level":"info","time":"2025-11-19T17:48:10.394732Z","scope":"krt","msg":"Informer[*v1alpha1.Backend] synced","owner":"Informer[*v1alpha1.Backend]"}
{"level":"info","time":"2025-11-19T17:48:10.394769Z","msg":"sync complete","name":"Informer[*v1alpha1.Backend] handler","attempt":1,"time":"292ns"}
{"level":"info","time":"2025-11-19T17:48:10.394819Z","scope":"krt","msg":"agentgateway/Backends synced (uid 178)","owner":"agentgateway/Backends"}
{"level":"info","time":"2025-11-19T17:48:10.394851Z","scope":"krt","msg":"agentgateway/Resources synced"}
{"level":"info","time":"2025-11-19T17:48:10.452781Z","msg":"sync complete","name":"GatewayExtension","attempt":7,"time":"131.58552ms"}
{"level":"info","time":"2025-11-19T17:48:10.452870Z","scope":"krt","msg":"GatewayExtension synced","owner":"GatewayExtension"}
{"level":"info","time":"2025-11-19T17:48:10.452903Z","msg":"sync complete","name":"GatewayExtension handler","attempt":1,"time":"709ns"}
{"level":"info","time":"2025-11-19T17:48:10.453043Z","scope":"krt","msg":"Collection[*v1alpha1.GatewayExtension,ir.GatewayExtension] synced (uid 12)","owner":"Collection[*v1alpha1.GatewayExtension,ir.GatewayExtension]"}
{"level":"info","time":"2025-11-19T17:48:10.453071Z","scope":"krt","msg":"Collection[ir.GatewayExtension,trafficpolicy.TrafficPolicyGatewayExtensionIR] synced (uid 59)","owner":"Collection[ir.GatewayExtension,trafficpolicy.TrafficPolicyGatewayExtensionIR]"}
{"level":"info","time":"2025-11-19T17:48:10.461935Z","msg":"sync complete","name":"HTTPListenerPolicy","attempt":7,"time":"136.848828ms"}
{"level":"info","time":"2025-11-19T17:48:10.461992Z","scope":"krt","msg":"HTTPListenerPolicy synced","owner":"HTTPListenerPolicy"}
{"level":"info","time":"2025-11-19T17:48:10.462033Z","msg":"sync complete","name":"HTTPListenerPolicy handler","attempt":1,"time":"584ns"}
{"level":"info","time":"2025-11-19T17:48:10.462055Z","scope":"krt","msg":"Collection[*v1alpha1.HTTPListenerPolicy,ir.PolicyWrapper] synced (uid 68)","owner":"Collection[*v1alpha1.HTTPListenerPolicy,ir.PolicyWrapper]"}
{"level":"info","time":"2025-11-19T17:48:10.462070Z","msg":"sync complete","name":"BackendConfigPolicy","attempt":7,"time":"136.728868ms"}
{"level":"info","time":"2025-11-19T17:48:10.462080Z","scope":"krt","msg":"BackendConfigPolicy synced","owner":"BackendConfigPolicy"}
{"level":"info","time":"2025-11-19T17:48:10.462113Z","msg":"sync complete","name":"BackendConfigPolicy handler","attempt":1,"time":"209ns"}
{"level":"info","time":"2025-11-19T17:48:10.462124Z","scope":"krt","msg":"BackendConfigPolicyIRs synced (uid 81)","owner":"BackendConfigPolicyIRs"}
{"level":"info","time":"2025-11-19T17:48:10.462211Z","scope":"krt","msg":"BackendConfigPolicy.gateway.kgateway.dev-policiesByTargetRef synced (uid 101)","owner":"BackendConfigPolicy.gateway.kgateway.dev-policiesByTargetRef"}
{"level":"info","time":"2025-11-19T17:48:10.462279Z","scope":"krt","msg":"HTTPListenerPolicy.gateway.kgateway.dev-policiesByTargetRef synced (uid 93)","owner":"HTTPListenerPolicy.gateway.kgateway.dev-policiesByTargetRef"}
{"level":"info","time":"2025-11-19T17:48:10.462522Z","scope":"krt","msg":"Collection[ir.BackendObjectIR,*ir.BackendObjectIR] synced (uid 106)","owner":"Collection[ir.BackendObjectIR,*ir.BackendObjectIR]"}
{"level":"info","time":"2025-11-19T17:48:10.462553Z","scope":"krt","msg":"FinalBackends synced"}
{"level":"info","time":"2025-11-19T17:48:10.462635Z","scope":"krt","msg":"Collection[*ir.BackendObjectIR,*ir.BackendObjectIR] synced (uid 107)","owner":"Collection[*ir.BackendObjectIR,*ir.BackendObjectIR]"}
{"level":"info","time":"2025-11-19T17:48:10.462649Z","scope":"krt","msg":"FinalBackendsWithPolicyStatus synced"}
{"level":"info","time":"2025-11-19T17:48:10.462739Z","scope":"krt","msg":"BackendsPolicyReport synced (uid 138)","owner":"BackendsPolicyReport"}
{"level":"info","time":"2025-11-19T17:48:10.463471Z","scope":"krt","msg":"PerClientEnvoyClusters synced (uid 132)","owner":"PerClientEnvoyClusters"}
{"time":"2025-11-19T17:48:10.466691827Z","level":"info","msg":"creating gateway controllers","component":"default"}
{"time":"2025-11-19T17:48:10.466731286Z","level":"info","msg":"got xds address for deployer","component":"default","xds_host":"kgateway.agent-gateway-test.svc.cluster.local","xds_port":9977}
{"time":"2025-11-19T17:48:10.466745995Z","level":"info","msg":"got agentgateway xds address for deployer","component":"default","agw_xds_host":"kgateway.agent-gateway-test.svc.cluster.local","agw_xds_port":9978}
{"time":"2025-11-19T17:48:10.466757953Z","level":"info","source":{"function":"github.com/kgateway-dev/kgateway/v2/internal/kgateway/controller.(*ControllerBuilder).Build","file":"/Users/sibasishbehera/programming/kgateway/internal/kgateway/controller/start.go","line":332},"msg":"creating gateway class provisioner","component":"controller-runtime","logger":"setup"}
{"time":"2025-11-19T17:48:10.466858204Z","level":"info","source":{"function":"github.com/kgateway-dev/kgateway/v2/internal/kgateway/controller.(*ControllerBuilder).Build","file":"/Users/sibasishbehera/programming/kgateway/internal/kgateway/controller/start.go","line":342},"msg":"creating base gateway controller","component":"controller-runtime","logger":"setup"}
{"time":"2025-11-19T17:48:10.466907121Z","level":"info","source":{"function":"github.com/kgateway-dev/kgateway/v2/internal/kgateway/controller.(*controllerBuilder).watchGw","file":"/Users/sibasishbehera/programming/kgateway/internal/kgateway/controller/controller.go","line":202},"msg":"creating gateway deployer","component":"controller-runtime","ctrlname":"kgateway.dev/kgateway","agwctrlname":"kgateway.dev/agentgateway","server":"kgateway.agent-gateway-test.svc.cluster.local","port":9977,"agwport":9978,"tls":false}
{"time":"2025-11-19T17:48:10.470994749Z","level":"debug","msg":"watching GVKs","component":"deployer","gvks":[{"Group":"","Version":"v1","Kind":"ServiceAccount"},{"Group":"","Version":"v1","Kind":"ConfigMap"},{"Group":"","Version":"v1","Kind":"Service"},{"Group":"apps","Version":"v1","Kind":"Deployment"}]}
{"time":"2025-11-19T17:48:10.471020208Z","level":"info","source":{"function":"github.com/kgateway-dev/kgateway/v2/internal/kgateway/controller.(*controllerBuilder).watchGw","file":"/Users/sibasishbehera/programming/kgateway/internal/kgateway/controller/controller.go","line":393},"msg":"watching gvk as gateway child","component":"controller-runtime","gvk":{"Group":"","Version":"v1","Kind":"ServiceAccount"}}
{"time":"2025-11-19T17:48:10.471028708Z","level":"info","source":{"function":"github.com/kgateway-dev/kgateway/v2/internal/kgateway/controller.(*controllerBuilder).watchGw","file":"/Users/sibasishbehera/programming/kgateway/internal/kgateway/controller/controller.go","line":393},"msg":"watching gvk as gateway child","component":"controller-runtime","gvk":{"Group":"","Version":"v1","Kind":"ConfigMap"}}
{"time":"2025-11-19T17:48:10.471031916Z","level":"info","source":{"function":"github.com/kgateway-dev/kgateway/v2/internal/kgateway/controller.(*controllerBuilder).watchGw","file":"/Users/sibasishbehera/programming/kgateway/internal/kgateway/controller/controller.go","line":393},"msg":"watching gvk as gateway child","component":"controller-runtime","gvk":{"Group":"","Version":"v1","Kind":"Service"}}
{"time":"2025-11-19T17:48:10.471038167Z","level":"info","source":{"function":"github.com/kgateway-dev/kgateway/v2/internal/kgateway/controller.(*controllerBuilder).watchGw","file":"/Users/sibasishbehera/programming/kgateway/internal/kgateway/controller/controller.go","line":393},"msg":"watching gvk as gateway child","component":"controller-runtime","gvk":{"Group":"apps","Version":"v1","Kind":"Deployment"}}
{"time":"2025-11-19T17:48:10.475024793Z","level":"info","source":{"function":"github.com/kgateway-dev/kgateway/v2/internal/kgateway/controller.(*ControllerBuilder).Build","file":"/Users/sibasishbehera/programming/kgateway/internal/kgateway/controller/start.go","line":354},"msg":"creating inferencepool controller","component":"controller-runtime","logger":"setup"}
{"time":"2025-11-19T17:48:10.475075461Z","level":"info","source":{"function":"github.com/kgateway-dev/kgateway/v2/internal/kgateway/controller.(*controllerBuilder).watchInferencePool","file":"/Users/sibasishbehera/programming/kgateway/internal/kgateway/controller/controller.go","line":444},"msg":"creating inference extension deployer","component":"controller-runtime","controller":"kgateway.dev/kgateway"}
{"time":"2025-11-19T17:48:10.475126378Z","level":"warn","msg":"TLS disabled for xDS servers: connections will be unencrypted","component":"default","component":"agentgateway-controlplane"}
{"time":"2025-11-19T17:48:10.475352422Z","level":"info","msg":"starting server","component":"default","component":"agentgateway-controlplane","address":"[::]:9978"}
{"time":"2025-11-19T17:48:10.475417506Z","level":"info","msg":"starting admin server","component":"default"}
{"time":"2025-11-19T17:48:10.475424923Z","level":"info","msg":"starting manager","component":"default"}
{"time":"2025-11-19T17:48:10.475530299Z","level":"info","source":{"function":"sigs.k8s.io/controller-runtime/pkg/metrics/server.(*defaultServer).Start","file":"/Users/sibasishbehera/go/pkg/mod/sigs.k8s.io/controller-runtime@v0.22.3/pkg/metrics/server/server.go","line":208},"msg":"Starting metrics server","component":"controller-runtime","logger":"controller-runtime/metrics"}
{"time":"2025-11-19T17:48:10.475638175Z","level":"info","source":{"function":"sigs.k8s.io/controller-runtime/pkg/metrics/server.(*defaultServer).Start","file":"/Users/sibasishbehera/go/pkg/mod/sigs.k8s.io/controller-runtime@v0.22.3/pkg/metrics/server/server.go","line":247},"msg":"Serving metrics server","component":"controller-runtime","logger":"controller-runtime/metrics","bindAddress":":9092","secure":false}
{"level":"info","time":"2025-11-19T17:48:10.475608Z","scope":"krt","msg":"agentgateway/XDS/type.googleapis.com/agentgateway.dev.workload.Address synced (uid 196)","owner":"agentgateway/XDS/type.googleapis.com/agentgateway.dev.workload.Address"}
{"level":"info","time":"2025-11-19T17:48:10.475856Z","scope":"krt","msg":"agentgateway/XDS/type.googleapis.com/agentgateway.dev.resource.Resource synced (uid 197)","owner":"agentgateway/XDS/type.googleapis.com/agentgateway.dev.resource.Resource"}
{"time":"2025-11-19T17:48:10.475961387Z","level":"info","source":{"function":"sigs.k8s.io/controller-runtime/pkg/manager.(*Server).Start","file":"/Users/sibasishbehera/go/pkg/mod/sigs.k8s.io/controller-runtime@v0.22.3/pkg/manager/server.go","line":83},"msg":"starting server","component":"controller-runtime","name":"pprof","addr":"127.0.0.1:9099"}
{"time":"2025-11-19T17:48:10.475963095Z","level":"info","msg":"admin server starting","component":"default","address":"localhost:9095"}
{"time":"2025-11-19T17:48:10.476019263Z","level":"info","source":{"function":"sigs.k8s.io/controller-runtime/pkg/manager.(*Server).Start","file":"/Users/sibasishbehera/go/pkg/mod/sigs.k8s.io/controller-runtime@v0.22.3/pkg/manager/server.go","line":83},"msg":"starting server","component":"controller-runtime","name":"health probe","addr":"[::]:9093"}
{"time":"2025-11-19T17:48:10.476162389Z","level":"debug+1","source":{"function":"k8s.io/client-go/tools/cache.(*Reflector).RunWithContext","file":"/Users/sibasishbehera/go/pkg/mod/k8s.io/client-go@v0.34.1/tools/cache/reflector.go","line":358},"msg":"Starting reflector","component":"controller-runtime","logger":"controller-runtime/cache","type":"*v1.Gateway","resyncPeriod":32431894462853,"reflector":"pkg/mod/k8s.io/client-go@v0.34.1/tools/cache/reflector.go:290"}
{"time":"2025-11-19T17:48:10.476204223Z","level":"debug+1","source":{"function":"k8s.io/client-go/tools/cache.(*Reflector).ListAndWatchWithContext","file":"/Users/sibasishbehera/go/pkg/mod/k8s.io/client-go@v0.34.1/tools/cache/reflector.go","line":404},"msg":"Listing and watching","component":"controller-runtime","logger":"controller-runtime/cache","type":"*v1.Gateway","reflector":"pkg/mod/k8s.io/client-go@v0.34.1/tools/cache/reflector.go:290"}
{"time":"2025-11-19T17:48:10.476194098Z","level":"debug+1","source":{"function":"k8s.io/client-go/tools/cache.(*Reflector).RunWithContext","file":"/Users/sibasishbehera/go/pkg/mod/k8s.io/client-go@v0.34.1/tools/cache/reflector.go","line":358},"msg":"Starting reflector","component":"controller-runtime","logger":"controller-runtime/cache","type":"*v1.HTTPRoute","resyncPeriod":36736301927430,"reflector":"pkg/mod/k8s.io/client-go@v0.34.1/tools/cache/reflector.go:290"}
{"time":"2025-11-19T17:48:10.476228307Z","level":"debug+1","source":{"function":"k8s.io/client-go/tools/cache.(*Reflector).ListAndWatchWithContext","file":"/Users/sibasishbehera/go/pkg/mod/k8s.io/client-go@v0.34.1/tools/cache/reflector.go","line":404},"msg":"Listing and watching","component":"controller-runtime","logger":"controller-runtime/cache","type":"*v1.HTTPRoute","reflector":"pkg/mod/k8s.io/client-go@v0.34.1/tools/cache/reflector.go:290"}
{"time":"2025-11-19T17:48:10.477462737Z","level":"debug+2","source":{"function":"k8s.io/client-go/tools/cache.(*Reflector).ListAndWatchWithContext","file":"/Users/sibasishbehera/go/pkg/mod/k8s.io/client-go@v0.34.1/tools/cache/reflector.go","line":436},"msg":"Caches populated","component":"controller-runtime","logger":"controller-runtime/cache","type":"*v1.Gateway","reflector":"pkg/mod/k8s.io/client-go@v0.34.1/tools/cache/reflector.go:290"}
{"time":"2025-11-19T17:48:10.477883908Z","level":"debug+2","source":{"function":"k8s.io/client-go/tools/cache.(*Reflector).ListAndWatchWithContext","file":"/Users/sibasishbehera/go/pkg/mod/k8s.io/client-go@v0.34.1/tools/cache/reflector.go","line":436},"msg":"Caches populated","component":"controller-runtime","logger":"controller-runtime/cache","type":"*v1.HTTPRoute","reflector":"pkg/mod/k8s.io/client-go@v0.34.1/tools/cache/reflector.go:290"}
{"level":"info","time":"2025-11-19T17:48:10.577343Z","msg":"sync complete","name":"kube gw proxy syncer","attempt":1,"time":"58.417µs"}
{"level":"info","time":"2025-11-19T17:48:10.577511Z","msg":"sync complete","name":"agent gateway status syncer","attempt":1,"time":"10.25µs"}
{"time":"2025-11-19T17:48:10.577236535Z","level":"info","msg":"starting Proxy Syncer","component":"proxy_syncer","controller":"kgateway.dev/kgateway"}
{"time":"2025-11-19T17:48:10.577276785Z","level":"info","msg":"waiting for cache to sync","component":"proxy_syncer"}
{"time":"2025-11-19T17:48:10.577371703Z","level":"info","msg":"caches warm!","component":"proxy_syncer"}
{"time":"2025-11-19T17:48:10.577474412Z","level":"info","msg":"starting agentgateway Syncer","component":"agentgateway/syncer","controllername":"kgateway.dev/agentgateway"}
{"time":"2025-11-19T17:48:10.577494288Z","level":"info","msg":"waiting for agentgateway cache to sync","component":"agentgateway/syncer"}
{"time":"2025-11-19T17:48:10.577496204Z","level":"info","msg":"waiting for cache to sync","component":"agentgateway/syncer"}
{"time":"2025-11-19T17:48:10.577523496Z","level":"info","msg":"caches warm!","component":"agentgateway/syncer"}
{"time":"2025-11-19T17:48:10.577599122Z","level":"info","source":{"function":"k8s.io/client-go/tools/leaderelection.(*LeaderElector).acquire","file":"/Users/sibasishbehera/go/pkg/mod/k8s.io/client-go@v0.34.1/tools/leaderelection/leaderelection.go","line":257},"msg":"attempting to acquire leader lease agent-gateway-test/kgateway...","component":"klog"}
{"time":"2025-11-19T17:48:10.577847375Z","level":"info","msg":"push debounce stable","component":"krtxds","id":1,"debouncedEvents":2,"lastChange":"101.676735ms","lastPush":"101.844029ms","cause":"//Pod/kube-system/kube-proxy-lv7v2bind/8080/extproc-debug/gw and 25 more configs"}
{"time":"2025-11-19T17:48:10.577876375Z","level":"info","msg":"XDS: Pushing","component":"krtxds","clients":0,"version":"2025-11-19T17:48:10Z/1"}
{"time":"2025-11-19T17:48:10.818455336Z","level":"debug","msg":"building endpoints","component":"krtcollections","kubesvc":{"Namespace":"agent-gateway-test","Name":"kgateway"}}
{"time":"2025-11-19T17:48:10.818742881Z","level":"debug","msg":"created endpoint","component":"krtcollections","kubesvc":{"Namespace":"agent-gateway-test","Name":"kgateway"},"total_endpoints":0}
{"time":"2025-11-19T17:48:10.818770089Z","level":"debug","msg":"building endpoints","component":"krtcollections","kubesvc":{"Namespace":"agent-gateway-test","Name":"kgateway"}}
{"time":"2025-11-19T17:48:10.818780923Z","level":"debug","msg":"created endpoint","component":"krtcollections","kubesvc":{"Namespace":"agent-gateway-test","Name":"kgateway"},"total_endpoints":0}
{"time":"2025-11-19T17:48:10.914588678Z","level":"info","msg":"push debounce stable","component":"krtxds","id":2,"debouncedEvents":1,"lastChange":"100.883102ms","lastPush":"100.88306ms","cause":"//Pod/agent-gateway-test/kgateway-5d5d5d77f7-kwb6v"}
{"time":"2025-11-19T17:48:10.914628053Z","level":"info","msg":"XDS: Pushing","component":"krtxds","clients":0,"version":"2025-11-19T17:48:10Z/2"}
{"time":"2025-11-19T17:48:11.821207718Z","level":"debug","msg":"building endpoints","component":"krtcollections","kubesvc":{"Namespace":"agent-gateway-test","Name":"kgateway"}}
{"time":"2025-11-19T17:48:11.821257427Z","level":"debug","msg":"created endpoint","component":"krtcollections","kubesvc":{"Namespace":"agent-gateway-test","Name":"kgateway"},"total_endpoints":1}
{"time":"2025-11-19T17:48:11.821268844Z","level":"debug","msg":"building endpoints","component":"krtcollections","kubesvc":{"Namespace":"agent-gateway-test","Name":"kgateway"}}
{"time":"2025-11-19T17:48:11.821275719Z","level":"debug","msg":"created endpoint","component":"krtcollections","kubesvc":{"Namespace":"agent-gateway-test","Name":"kgateway"},"total_endpoints":1}
{"time":"2025-11-19T17:48:11.913767767Z","level":"info","msg":"push debounce stable","component":"krtxds","id":3,"debouncedEvents":1,"lastChange":"100.76343ms","lastPush":"100.763347ms","cause":"//Pod/agent-gateway-test/kgateway-5d5d5d77f7-kwb6v"}
{"time":"2025-11-19T17:48:11.913838476Z","level":"info","msg":"XDS: Pushing","component":"krtxds","clients":0,"version":"2025-11-19T17:48:11Z/3"}
{"time":"2025-11-19T17:48:13.989541638Z","level":"debug","msg":"translating Gateway","component":"agentgateway/translator","gw_name":"gw","resource_version":"1980457"}
{"time":"2025-11-19T17:48:14.09017614Z","level":"info","msg":"push debounce stable","component":"krtxds","id":4,"debouncedEvents":2,"lastChange":"100.496625ms","lastPush":"100.535209ms","cause":"listener/default/gw.http and 1 more configs"}
{"time":"2025-11-19T17:48:14.090222724Z","level":"info","msg":"XDS: Pushing","component":"krtxds","clients":0,"version":"2025-11-19T17:48:14Z/4"}
{"time":"2025-11-19T17:48:14.0949769Z","level":"debug","msg":"building endpoints","component":"krtcollections","kubesvc":{"Namespace":"default","Name":"backend"}}
{"time":"2025-11-19T17:48:14.095176986Z","level":"debug","msg":"no endpointslices found for service","component":"krtcollections","kubesvc":{"Namespace":"default","Name":"backend"},"name":"backend","namespace":"default"}
{"time":"2025-11-19T17:48:14.103005612Z","level":"debug","msg":"building endpoints","component":"krtcollections","kubesvc":{"Namespace":"default","Name":"backend"}}
{"time":"2025-11-19T17:48:14.103026195Z","level":"debug","msg":"no ports found in endpointslices for service","component":"krtcollections","kubesvc":{"Namespace":"default","Name":"backend"},"name":"backend","namespace":"default"}
{"time":"2025-11-19T17:48:14.195813196Z","level":"info","msg":"push debounce stable","component":"krtxds","id":5,"debouncedEvents":1,"lastChange":"100.772878ms","lastPush":"100.772795ms","cause":"default/backend.default.svc.cluster.local"}
{"time":"2025-11-19T17:48:14.195848363Z","level":"info","msg":"XDS: Pushing","component":"krtxds","clients":0,"version":"2025-11-19T17:48:14Z/5"}
{"time":"2025-11-19T17:48:14.230161108Z","level":"debug","msg":"building endpoints","component":"krtcollections","kubesvc":{"Namespace":"default","Name":"ext-proc-grpc"}}
{"time":"2025-11-19T17:48:14.230216275Z","level":"debug","msg":"no endpointslices found for service","component":"krtcollections","kubesvc":{"Namespace":"default","Name":"ext-proc-grpc"},"name":"ext-proc-grpc","namespace":"default"}
{"time":"2025-11-19T17:48:14.231841334Z","level":"debug","msg":"building endpoints","component":"krtcollections","kubesvc":{"Namespace":"default","Name":"ext-proc-grpc"}}
{"time":"2025-11-19T17:48:14.231872501Z","level":"debug","msg":"no ports found in endpointslices for service","component":"krtcollections","kubesvc":{"Namespace":"default","Name":"ext-proc-grpc"},"name":"ext-proc-grpc","namespace":"default"}
{"time":"2025-11-19T17:48:14.333140927Z","level":"info","msg":"push debounce stable","component":"krtxds","id":6,"debouncedEvents":1,"lastChange":"105.014674ms","lastPush":"105.014632ms","cause":"default/ext-proc-grpc.default.svc.cluster.local"}
{"time":"2025-11-19T17:48:14.333171094Z","level":"info","msg":"XDS: Pushing","component":"krtxds","clients":0,"version":"2025-11-19T17:48:14Z/6"}
{"time":"2025-11-19T17:48:14.839053173Z","level":"debug","msg":"building endpoints","component":"krtcollections","kubesvc":{"Namespace":"default","Name":"ext-proc-grpc"}}
{"time":"2025-11-19T17:48:14.839098424Z","level":"debug","msg":"created endpoint","component":"krtcollections","kubesvc":{"Namespace":"default","Name":"ext-proc-grpc"},"total_endpoints":1}
{"time":"2025-11-19T17:48:14.848135396Z","level":"debug","msg":"building endpoints","component":"krtcollections","kubesvc":{"Namespace":"default","Name":"backend"}}
{"time":"2025-11-19T17:48:14.848170897Z","level":"debug","msg":"created endpoint","component":"krtcollections","kubesvc":{"Namespace":"default","Name":"backend"},"total_endpoints":1}
{"time":"2025-11-19T17:48:14.948855441Z","level":"info","msg":"push debounce stable","component":"krtxds","id":7,"debouncedEvents":3,"lastChange":"107.255532ms","lastPush":"121.396559ms","cause":"//Pod/default/ext-proc-grpc-6765586f4f-fckvw and 2 more configs"}
{"time":"2025-11-19T17:48:14.948897941Z","level":"info","msg":"XDS: Pushing","component":"krtxds","clients":0,"version":"2025-11-19T17:48:14Z/7"}
{"level":"info","time":"2025-11-19T17:48:26.068539Z","msg":"sync complete","name":"kube gw status syncer","attempt":1,"time":"108.335µs"}
{"level":"info","time":"2025-11-19T17:48:26.068995Z","msg":"sync complete","name":"agent gateway status syncer","attempt":1,"time":"14µs"}
{"level":"info","time":"2025-11-19T17:48:26.069030Z","msg":"sync complete","name":"agent gateway status clients","attempt":1,"time":"21.083µs"}
{"time":"2025-11-19T17:48:26.068184705Z","level":"info","source":{"function":"k8s.io/client-go/tools/leaderelection.(*LeaderElector).acquire.func1","file":"/Users/sibasishbehera/go/pkg/mod/k8s.io/client-go@v0.34.1/tools/leaderelection/leaderelection.go","line":271},"msg":"successfully acquired lease agent-gateway-test/kgateway","component":"klog"}
{"time":"2025-11-19T17:48:26.068249164Z","level":"debug+3","source":{"function":"sigs.k8s.io/controller-runtime/pkg/internal/recorder.(*Provider).getBroadcaster.func1.1","file":"/Users/sibasishbehera/go/pkg/mod/sigs.k8s.io/controller-runtime@v0.22.3/pkg/internal/recorder/recorder.go","line":104},"msg":"kgateway-5d5d5d77f7-kwb6v_3628555b-231f-4527-9101-0ce2bd704dd2 became leader","component":"controller-runtime","logger":"events","type":"Normal","object":{"kind":"Lease","namespace":"agent-gateway-test","name":"kgateway","uid":"834f4746-8307-41d2-91c6-687683c1cac9","apiVersion":"coordination.k8s.io/v1","resourceVersion":"1980533"},"reason":"LeaderElection"}
{"time":"2025-11-19T17:48:26.068407624Z","level":"info","msg":"starting Status Syncer","component":"proxy_syncer","controller":"kgateway.dev/kgateway"}
{"time":"2025-11-19T17:48:26.068424333Z","level":"info","msg":"waiting for cache to sync","component":"proxy_syncer"}
{"time":"2025-11-19T17:48:26.068576376Z","level":"info","msg":"caches warm!","component":"proxy_syncer"}
{"time":"2025-11-19T17:48:26.068888463Z","level":"debug","msg":"synced gw status for gateways","component":"proxy_syncer","subcomponent":"gatewayStatusSyncer","count":0,"duration":417}
{"time":"2025-11-19T17:48:26.068915796Z","level":"debug","msg":"synced listener sets status for listener set","component":"proxy_syncer","subcomponent":"listenerSetStatusSyncer","count":0,"duration":"1.708µs"}
{"time":"2025-11-19T17:48:26.068948713Z","level":"info","msg":"starting agentgateway Status Syncer","component":"agentgateway/syncer","controllername":"kgateway.dev/agentgateway"}
{"time":"2025-11-19T17:48:26.068975297Z","level":"info","msg":"waiting for agentgateway cache to sync","component":"agentgateway/syncer"}
{"time":"2025-11-19T17:48:26.06897763Z","level":"info","msg":"waiting for cache to sync","component":"agentgateway/syncer"}
{"time":"2025-11-19T17:48:26.069034756Z","level":"info","msg":"caches warm!","component":"agentgateway/syncer"}
{"time":"2025-11-19T17:48:26.069709221Z","level":"info","source":{"function":"sigs.k8s.io/controller-runtime/pkg/internal/controller.(*Controller[...]).startEventSourcesAndQueueLocked.func1.2.1","file":"/Users/sibasishbehera/go/pkg/mod/sigs.k8s.io/controller-runtime@v0.22.3/pkg/internal/controller/controller.go","line":353},"msg":"Starting EventSource","component":"controller-runtime","controller":"gatewayclass-provisioner","controllerGroup":"gateway.networking.k8s.io","controllerKind":"GatewayClass","source":"channel source: 0x4000325b90"}
{"time":"2025-11-19T17:48:26.069851973Z","level":"info","source":{"function":"sigs.k8s.io/controller-runtime/pkg/internal/controller.(*Controller[...]).startEventSourcesAndQueueLocked.func1.2.1","file":"/Users/sibasishbehera/go/pkg/mod/sigs.k8s.io/controller-runtime@v0.22.3/pkg/internal/controller/controller.go","line":353},"msg":"Starting EventSource","component":"controller-runtime","controller":"gatewayclass","controllerGroup":"gateway.networking.k8s.io","controllerKind":"GatewayClass","source":"kind source: *v1.GatewayClass"}
{"time":"2025-11-19T17:48:26.070104725Z","level":"info","source":{"function":"sigs.k8s.io/controller-runtime/pkg/internal/controller.(*Controller[...]).startEventSourcesAndQueueLocked.func1.2.1","file":"/Users/sibasishbehera/go/pkg/mod/sigs.k8s.io/controller-runtime@v0.22.3/pkg/internal/controller/controller.go","line":353},"msg":"Starting EventSource","component":"controller-runtime","controller":"gatewayclass-provisioner","controllerGroup":"gateway.networking.k8s.io","controllerKind":"GatewayClass","source":"kind source: *v1.GatewayClass"}
{"time":"2025-11-19T17:48:26.070148893Z","level":"info","source":{"function":"github.com/kgateway-dev/kgateway/v2/internal/kgateway/controller.(*gatewayClassProvisioner).Start","file":"/Users/sibasishbehera/programming/kgateway/internal/kgateway/controller/gatewayclass_provisioner.go","line":149},"msg":"waiting for cache to sync","component":"controller-runtime"}
{"time":"2025-11-19T17:48:26.070228393Z","level":"debug+1","source":{"function":"k8s.io/client-go/tools/cache.(*Reflector).RunWithContext","file":"/Users/sibasishbehera/go/pkg/mod/k8s.io/client-go@v0.34.1/tools/cache/reflector.go","line":358},"msg":"Starting reflector","component":"controller-runtime","logger":"controller-runtime/cache","type":"*v1.GatewayClass","resyncPeriod":38684393085971,"reflector":"pkg/mod/k8s.io/client-go@v0.34.1/tools/cache/reflector.go:290"}
{"time":"2025-11-19T17:48:26.070244894Z","level":"debug+1","source":{"function":"k8s.io/client-go/tools/cache.(*Reflector).ListAndWatchWithContext","file":"/Users/sibasishbehera/go/pkg/mod/k8s.io/client-go@v0.34.1/tools/cache/reflector.go","line":404},"msg":"Listing and watching","component":"controller-runtime","logger":"controller-runtime/cache","type":"*v1.GatewayClass","reflector":"pkg/mod/k8s.io/client-go@v0.34.1/tools/cache/reflector.go:290"}
{"time":"2025-11-19T17:48:26.07052548Z","level":"info","source":{"function":"sigs.k8s.io/controller-runtime/pkg/internal/controller.(*Controller[...]).startEventSourcesAndQueueLocked.func1.2.1","file":"/Users/sibasishbehera/go/pkg/mod/sigs.k8s.io/controller-runtime@v0.22.3/pkg/internal/controller/controller.go","line":353},"msg":"Starting EventSource","component":"controller-runtime","controller":"gateway","controllerGroup":"gateway.networking.k8s.io","controllerKind":"Gateway","source":"channel source: 0x4000325ea0"}
{"time":"2025-11-19T17:48:26.07055623Z","level":"info","source":{"function":"sigs.k8s.io/controller-runtime/pkg/internal/controller.(*Controller[...]).startEventSourcesAndQueueLocked.func1.2.1","file":"/Users/sibasishbehera/go/pkg/mod/sigs.k8s.io/controller-runtime@v0.22.3/pkg/internal/controller/controller.go","line":353},"msg":"Starting EventSource","component":"controller-runtime","controller":"gateway","controllerGroup":"gateway.networking.k8s.io","controllerKind":"Gateway","source":"kind source: *v1.ConfigMap"}
{"time":"2025-11-19T17:48:26.070610606Z","level":"info","source":{"function":"sigs.k8s.io/controller-runtime/pkg/internal/controller.(*Controller[...]).startEventSourcesAndQueueLocked.func1.2.1","file":"/Users/sibasishbehera/go/pkg/mod/sigs.k8s.io/controller-runtime@v0.22.3/pkg/internal/controller/controller.go","line":353},"msg":"Starting EventSource","component":"controller-runtime","controller":"gateway","controllerGroup":"gateway.networking.k8s.io","controllerKind":"Gateway","source":"kind source: *v1.Service"}
{"time":"2025-11-19T17:48:26.070645689Z","level":"info","source":{"function":"sigs.k8s.io/controller-runtime/pkg/internal/controller.(*Controller[...]).startEventSourcesAndQueueLocked.func1.2.1","file":"/Users/sibasishbehera/go/pkg/mod/sigs.k8s.io/controller-runtime@v0.22.3/pkg/internal/controller/controller.go","line":353},"msg":"Starting EventSource","component":"controller-runtime","controller":"gateway","controllerGroup":"gateway.networking.k8s.io","controllerKind":"Gateway","source":"kind source: *v1.Deployment"}
{"time":"2025-11-19T17:48:26.070656731Z","level":"info","source":{"function":"sigs.k8s.io/controller-runtime/pkg/internal/controller.(*Controller[...]).startEventSourcesAndQueueLocked.func1.2.1","file":"/Users/sibasishbehera/go/pkg/mod/sigs.k8s.io/controller-runtime@v0.22.3/pkg/internal/controller/controller.go","line":353},"msg":"Starting EventSource","component":"controller-runtime","controller":"gateway","controllerGroup":"gateway.networking.k8s.io","controllerKind":"Gateway","source":"kind source: *v1.Gateway"}
{"time":"2025-11-19T17:48:26.07067944Z","level":"info","source":{"function":"sigs.k8s.io/controller-runtime/pkg/internal/controller.(*Controller[...]).startEventSourcesAndQueueLocked.func1.2.1","file":"/Users/sibasishbehera/go/pkg/mod/sigs.k8s.io/controller-runtime@v0.22.3/pkg/internal/controller/controller.go","line":353},"msg":"Starting EventSource","component":"controller-runtime","controller":"gateway","controllerGroup":"gateway.networking.k8s.io","controllerKind":"Gateway","source":"kind source: *v1alpha1.GatewayParameters"}
{"time":"2025-11-19T17:48:26.070786316Z","level":"info","source":{"function":"sigs.k8s.io/controller-runtime/pkg/internal/controller.(*Controller[...]).startEventSourcesAndQueueLocked.func1.2.1","file":"/Users/sibasishbehera/go/pkg/mod/sigs.k8s.io/controller-runtime@v0.22.3/pkg/internal/controller/controller.go","line":353},"msg":"Starting EventSource","component":"controller-runtime","controller":"gateway","controllerGroup":"gateway.networking.k8s.io","controllerKind":"Gateway","source":"kind source: *v1.ServiceAccount"}
{"time":"2025-11-19T17:48:26.070867108Z","level":"debug+1","source":{"function":"k8s.io/client-go/tools/cache.(*Reflector).RunWithContext","file":"/Users/sibasishbehera/go/pkg/mod/k8s.io/client-go@v0.34.1/tools/cache/reflector.go","line":358},"msg":"Starting reflector","component":"controller-runtime","logger":"controller-runtime/cache","type":"*v1.ConfigMap","resyncPeriod":37155518726354,"reflector":"pkg/mod/k8s.io/client-go@v0.34.1/tools/cache/reflector.go:290"}
{"time":"2025-11-19T17:48:26.070886692Z","level":"debug+1","source":{"function":"k8s.io/client-go/tools/cache.(*Reflector).ListAndWatchWithContext","file":"/Users/sibasishbehera/go/pkg/mod/k8s.io/client-go@v0.34.1/tools/cache/reflector.go","line":404},"msg":"Listing and watching","component":"controller-runtime","logger":"controller-runtime/cache","type":"*v1.ConfigMap","reflector":"pkg/mod/k8s.io/client-go@v0.34.1/tools/cache/reflector.go:290"}
{"time":"2025-11-19T17:48:26.070805691Z","level":"info","source":{"function":"sigs.k8s.io/controller-runtime/pkg/internal/controller.(*Controller[...]).startEventSourcesAndQueueLocked.func1.2.1","file":"/Users/sibasishbehera/go/pkg/mod/sigs.k8s.io/controller-runtime@v0.22.3/pkg/internal/controller/controller.go","line":353},"msg":"Starting EventSource","component":"controller-runtime","controller":"gateway","controllerGroup":"gateway.networking.k8s.io","controllerKind":"Gateway","source":"kind source: *v1.GatewayClass"}
{"time":"2025-11-19T17:48:26.07103386Z","level":"debug+1","source":{"function":"k8s.io/client-go/tools/cache.(*Reflector).RunWithContext","file":"/Users/sibasishbehera/go/pkg/mod/k8s.io/client-go@v0.34.1/tools/cache/reflector.go","line":358},"msg":"Starting reflector","component":"controller-runtime","logger":"controller-runtime/cache","type":"*v1.Deployment","resyncPeriod":36921200224962,"reflector":"pkg/mod/k8s.io/client-go@v0.34.1/tools/cache/reflector.go:290"}
{"time":"2025-11-19T17:48:26.07105111Z","level":"debug+1","source":{"function":"k8s.io/client-go/tools/cache.(*Reflector).ListAndWatchWithContext","file":"/Users/sibasishbehera/go/pkg/mod/k8s.io/client-go@v0.34.1/tools/cache/reflector.go","line":404},"msg":"Listing and watching","component":"controller-runtime","logger":"controller-runtime/cache","type":"*v1.Deployment","reflector":"pkg/mod/k8s.io/client-go@v0.34.1/tools/cache/reflector.go:290"}
{"time":"2025-11-19T17:48:26.071135861Z","level":"debug+1","source":{"function":"k8s.io/client-go/tools/cache.(*Reflector).RunWithContext","file":"/Users/sibasishbehera/go/pkg/mod/k8s.io/client-go@v0.34.1/tools/cache/reflector.go","line":358},"msg":"Starting reflector","component":"controller-runtime","logger":"controller-runtime/cache","type":"*v1.Service","resyncPeriod":39598459540356,"reflector":"pkg/mod/k8s.io/client-go@v0.34.1/tools/cache/reflector.go:290"}
{"time":"2025-11-19T17:48:26.071150445Z","level":"debug+1","source":{"function":"k8s.io/client-go/tools/cache.(*Reflector).ListAndWatchWithContext","file":"/Users/sibasishbehera/go/pkg/mod/k8s.io/client-go@v0.34.1/tools/cache/reflector.go","line":404},"msg":"Listing and watching","component":"controller-runtime","logger":"controller-runtime/cache","type":"*v1.Service","reflector":"pkg/mod/k8s.io/client-go@v0.34.1/tools/cache/reflector.go:290"}
{"time":"2025-11-19T17:48:26.071210904Z","level":"debug+1","source":{"function":"k8s.io/client-go/tools/cache.(*Reflector).RunWithContext","file":"/Users/sibasishbehera/go/pkg/mod/k8s.io/client-go@v0.34.1/tools/cache/reflector.go","line":358},"msg":"Starting reflector","component":"controller-runtime","logger":"controller-runtime/cache","type":"*v1.ServiceAccount","resyncPeriod":38648492219014,"reflector":"pkg/mod/k8s.io/client-go@v0.34.1/tools/cache/reflector.go:290"}
{"time":"2025-11-19T17:48:26.071231404Z","level":"debug+1","source":{"function":"k8s.io/client-go/tools/cache.(*Reflector).ListAndWatchWithContext","file":"/Users/sibasishbehera/go/pkg/mod/k8s.io/client-go@v0.34.1/tools/cache/reflector.go","line":404},"msg":"Listing and watching","component":"controller-runtime","logger":"controller-runtime/cache","type":"*v1.ServiceAccount","reflector":"pkg/mod/k8s.io/client-go@v0.34.1/tools/cache/reflector.go:290"}
{"time":"2025-11-19T17:48:26.071847202Z","level":"debug+1","source":{"function":"k8s.io/client-go/tools/cache.(*Reflector).RunWithContext","file":"/Users/sibasishbehera/go/pkg/mod/k8s.io/client-go@v0.34.1/tools/cache/reflector.go","line":358},"msg":"Starting reflector","component":"controller-runtime","logger":"controller-runtime/cache","type":"*v1alpha1.GatewayParameters","resyncPeriod":34327157536654,"reflector":"pkg/mod/k8s.io/client-go@v0.34.1/tools/cache/reflector.go:290"}
{"time":"2025-11-19T17:48:26.071889952Z","level":"debug+1","source":{"function":"k8s.io/client-go/tools/cache.(*Reflector).ListAndWatchWithContext","file":"/Users/sibasishbehera/go/pkg/mod/k8s.io/client-go@v0.34.1/tools/cache/reflector.go","line":404},"msg":"Listing and watching","component":"controller-runtime","logger":"controller-runtime/cache","type":"*v1alpha1.GatewayParameters","reflector":"pkg/mod/k8s.io/client-go@v0.34.1/tools/cache/reflector.go:290"}
{"time":"2025-11-19T17:48:26.100793877Z","level":"debug+2","source":{"function":"k8s.io/client-go/tools/cache.(*Reflector).ListAndWatchWithContext","file":"/Users/sibasishbehera/go/pkg/mod/k8s.io/client-go@v0.34.1/tools/cache/reflector.go","line":436},"msg":"Caches populated","component":"controller-runtime","logger":"controller-runtime/cache","type":"*v1.Deployment","reflector":"pkg/mod/k8s.io/client-go@v0.34.1/tools/cache/reflector.go:290"}
{"time":"2025-11-19T17:48:26.124201911Z","level":"debug","msg":"updated status","component":"agentgateway/syncer","kind":"gateway","resource":"extproc-debug/gw"}
{"time":"2025-11-19T17:48:26.126101389Z","level":"debug","msg":"updated policy status","component":"agentgateway/syncer","kind":"gateway","resource":"extproc-debug/gw"}
{"time":"2025-11-19T17:48:26.125435049Z","level":"debug+2","source":{"function":"k8s.io/client-go/tools/cache.(*Reflector).ListAndWatchWithContext","file":"/Users/sibasishbehera/go/pkg/mod/k8s.io/client-go@v0.34.1/tools/cache/reflector.go","line":436},"msg":"Caches populated","component":"controller-runtime","logger":"controller-runtime/cache","type":"*v1.ConfigMap","reflector":"pkg/mod/k8s.io/client-go@v0.34.1/tools/cache/reflector.go:290"}
{"time":"2025-11-19T17:48:26.124292912Z","level":"debug","msg":"updated status","component":"agentgateway/syncer","kind":"gateway","resource":"default/gw"}
{"time":"2025-11-19T17:48:26.126490435Z","level":"debug","msg":"updated policy status","component":"agentgateway/syncer","kind":"gateway","resource":"default/gw"}
{"time":"2025-11-19T17:48:26.125929804Z","level":"debug+2","source":{"function":"k8s.io/client-go/tools/cache.(*Reflector).ListAndWatchWithContext","file":"/Users/sibasishbehera/go/pkg/mod/k8s.io/client-go@v0.34.1/tools/cache/reflector.go","line":436},"msg":"Caches populated","component":"controller-runtime","logger":"controller-runtime/cache","type":"*v1.GatewayClass","reflector":"pkg/mod/k8s.io/client-go@v0.34.1/tools/cache/reflector.go:290"}
{"time":"2025-11-19T17:48:26.126986649Z","level":"debug+2","source":{"function":"k8s.io/client-go/tools/cache.(*Reflector).ListAndWatchWithContext","file":"/Users/sibasishbehera/go/pkg/mod/k8s.io/client-go@v0.34.1/tools/cache/reflector.go","line":436},"msg":"Caches populated","component":"controller-runtime","logger":"controller-runtime/cache","type":"*v1.ServiceAccount","reflector":"pkg/mod/k8s.io/client-go@v0.34.1/tools/cache/reflector.go:290"}
{"time":"2025-11-19T17:48:26.127069316Z","level":"debug+2","source":{"function":"k8s.io/client-go/tools/cache.(*Reflector).ListAndWatchWithContext","file":"/Users/sibasishbehera/go/pkg/mod/k8s.io/client-go@v0.34.1/tools/cache/reflector.go","line":436},"msg":"Caches populated","component":"controller-runtime","logger":"controller-runtime/cache","type":"*v1alpha1.GatewayParameters","reflector":"pkg/mod/k8s.io/client-go@v0.34.1/tools/cache/reflector.go:290"}
{"time":"2025-11-19T17:48:26.12742932Z","level":"debug+2","source":{"function":"k8s.io/client-go/tools/cache.(*Reflector).ListAndWatchWithContext","file":"/Users/sibasishbehera/go/pkg/mod/k8s.io/client-go@v0.34.1/tools/cache/reflector.go","line":436},"msg":"Caches populated","component":"controller-runtime","logger":"controller-runtime/cache","type":"*v1.Service","reflector":"pkg/mod/k8s.io/client-go@v0.34.1/tools/cache/reflector.go:290"}
{"time":"2025-11-19T17:48:26.128810793Z","level":"debug","msg":"translating Gateway","component":"agentgateway/translator","gw_name":"gw","resource_version":"1980535"}
{"time":"2025-11-19T17:48:26.12892296Z","level":"debug","msg":"translating Gateway","component":"agentgateway/translator","gw_name":"gw","resource_version":"1980536"}
{"time":"2025-11-19T17:48:26.17064206Z","level":"info","source":{"function":"github.com/kgateway-dev/kgateway/v2/internal/kgateway/controller.(*gatewayClassProvisioner).Start","file":"/Users/sibasishbehera/programming/kgateway/internal/kgateway/controller/gatewayclass_provisioner.go","line":155},"msg":"caches warm!","component":"controller-runtime"}
{"time":"2025-11-19T17:48:26.170968938Z","level":"info","source":{"function":"github.com/kgateway-dev/kgateway/v2/internal/kgateway/controller.(*gatewayClassProvisioner).Start","file":"/Users/sibasishbehera/programming/kgateway/internal/kgateway/controller/gatewayclass_provisioner.go","line":175},"msg":"some required gatewayclasses missing, triggering initial reconciliation","component":"controller-runtime"}
{"time":"2025-11-19T17:48:26.170746228Z","level":"info","source":{"function":"sigs.k8s.io/controller-runtime/pkg/internal/controller.(*Controller[...]).Start.func1","file":"/Users/sibasishbehera/go/pkg/mod/sigs.k8s.io/controller-runtime@v0.22.3/pkg/internal/controller/controller.go","line":286},"msg":"Starting Controller","component":"controller-runtime","controller":"gatewayclass","controllerGroup":"gateway.networking.k8s.io","controllerKind":"GatewayClass"}
{"time":"2025-11-19T17:48:26.171058314Z","level":"info","source":{"function":"sigs.k8s.io/controller-runtime/pkg/internal/controller.(*Controller[...]).Start.func1","file":"/Users/sibasishbehera/go/pkg/mod/sigs.k8s.io/controller-runtime@v0.22.3/pkg/internal/controller/controller.go","line":289},"msg":"Starting workers","component":"controller-runtime","controller":"gatewayclass","controllerGroup":"gateway.networking.k8s.io","controllerKind":"GatewayClass","worker count":1}
{"time":"2025-11-19T17:48:26.170805436Z","level":"info","source":{"function":"sigs.k8s.io/controller-runtime/pkg/internal/controller.(*Controller[...]).Start.func1","file":"/Users/sibasishbehera/go/pkg/mod/sigs.k8s.io/controller-runtime@v0.22.3/pkg/internal/controller/controller.go","line":286},"msg":"Starting Controller","component":"controller-runtime","controller":"gatewayclass-provisioner","controllerGroup":"gateway.networking.k8s.io","controllerKind":"GatewayClass"}
{"time":"2025-11-19T17:48:26.17110144Z","level":"info","source":{"function":"sigs.k8s.io/controller-runtime/pkg/internal/controller.(*Controller[...]).Start.func1","file":"/Users/sibasishbehera/go/pkg/mod/sigs.k8s.io/controller-runtime@v0.22.3/pkg/internal/controller/controller.go","line":289},"msg":"Starting workers","component":"controller-runtime","controller":"gatewayclass-provisioner","controllerGroup":"gateway.networking.k8s.io","controllerKind":"GatewayClass","worker count":1}
{"time":"2025-11-19T17:48:26.171170482Z","level":"info","source":{"function":"github.com/kgateway-dev/kgateway/v2/internal/kgateway/controller.(*controllerReconciler).Reconcile","file":"/Users/sibasishbehera/programming/kgateway/internal/kgateway/controller/controller.go","line":634},"msg":"reconciling gateway class","component":"controller-runtime","controller":"gatewayclass","controllerGroup":"gateway.networking.k8s.io","controllerKind":"GatewayClass","GatewayClass":{"name":"kgateway"},"namespace":"","name":"kgateway","reconcileID":"d6a56590-b9d2-4552-95fd-3387ff10eca6","gwc":{"Namespace":"","Name":"kgateway"}}
{"time":"2025-11-19T17:48:26.171183315Z","level":"info","source":{"function":"github.com/kgateway-dev/kgateway/v2/internal/kgateway/controller.(*gatewayClassProvisioner).Reconcile","file":"/Users/sibasishbehera/programming/kgateway/internal/kgateway/controller/gatewayclass_provisioner.go","line":95},"msg":"reconciling GatewayClasses","component":"controller-runtime","controller":"gatewayclass-provisioner","controllerGroup":"gateway.networking.k8s.io","controllerKind":"GatewayClass","GatewayClass":{"name":"agentgateway"},"namespace":"","name":"agentgateway","reconcileID":"5f5f5ffb-f881-4aff-a5ce-eb71df7c8d87","controllerName":"gatewayclass-provisioner"}
{"time":"2025-11-19T17:48:26.172434953Z","level":"info","source":{"function":"sigs.k8s.io/controller-runtime/pkg/internal/controller.(*Controller[...]).Start.func1","file":"/Users/sibasishbehera/go/pkg/mod/sigs.k8s.io/controller-runtime@v0.22.3/pkg/internal/controller/controller.go","line":286},"msg":"Starting Controller","component":"controller-runtime","controller":"gateway","controllerGroup":"gateway.networking.k8s.io","controllerKind":"Gateway"}
{"time":"2025-11-19T17:48:26.17245562Z","level":"info","source":{"function":"sigs.k8s.io/controller-runtime/pkg/internal/controller.(*Controller[...]).Start.func1","file":"/Users/sibasishbehera/go/pkg/mod/sigs.k8s.io/controller-runtime@v0.22.3/pkg/internal/controller/controller.go","line":289},"msg":"Starting workers","component":"controller-runtime","controller":"gateway","controllerGroup":"gateway.networking.k8s.io","controllerKind":"Gateway","worker count":1}
{"time":"2025-11-19T17:48:26.172506412Z","level":"debug+3","source":{"function":"github.com/kgateway-dev/kgateway/v2/internal/kgateway/controller.(*gatewayReconciler).Reconcile","file":"/Users/sibasishbehera/programming/kgateway/internal/kgateway/controller/gw_controller.go","line":60},"msg":"reconciling request","component":"controller-runtime","controller":"gateway","controllerGroup":"gateway.networking.k8s.io","controllerKind":"Gateway","Gateway":{"name":"gw","namespace":"extproc-debug"},"namespace":"extproc-debug","name":"gw","reconcileID":"41c32ebc-9a27-4611-aa0d-ee22455f5224","gw":{"Namespace":"extproc-debug","Name":"gw"},"req":{"Namespace":"extproc-debug","Name":"gw"}}
{"time":"2025-11-19T17:48:26.172636955Z","level":"debug+1","source":{"function":"k8s.io/client-go/tools/cache.(*Reflector).RunWithContext","file":"/Users/sibasishbehera/go/pkg/mod/k8s.io/client-go@v0.34.1/tools/cache/reflector.go","line":358},"msg":"Starting reflector","component":"controller-runtime","logger":"controller-runtime/cache","type":"*v1.Namespace","resyncPeriod":38345351644510,"reflector":"pkg/mod/k8s.io/client-go@v0.34.1/tools/cache/reflector.go:290"}
{"time":"2025-11-19T17:48:26.172675873Z","level":"debug+1","source":{"function":"k8s.io/client-go/tools/cache.(*Reflector).ListAndWatchWithContext","file":"/Users/sibasishbehera/go/pkg/mod/k8s.io/client-go@v0.34.1/tools/cache/reflector.go","line":404},"msg":"Listing and watching","component":"controller-runtime","logger":"controller-runtime/cache","type":"*v1.Namespace","reflector":"pkg/mod/k8s.io/client-go@v0.34.1/tools/cache/reflector.go:290"}
{"time":"2025-11-19T17:48:26.174239514Z","level":"debug+2","source":{"function":"k8s.io/client-go/tools/cache.(*Reflector).ListAndWatchWithContext","file":"/Users/sibasishbehera/go/pkg/mod/k8s.io/client-go@v0.34.1/tools/cache/reflector.go","line":436},"msg":"Caches populated","component":"controller-runtime","logger":"controller-runtime/cache","type":"*v1.Namespace","reflector":"pkg/mod/k8s.io/client-go@v0.34.1/tools/cache/reflector.go:290"}
{"time":"2025-11-19T17:48:26.175257733Z","level":"info","source":{"function":"github.com/kgateway-dev/kgateway/v2/internal/kgateway/controller.(*controllerReconciler).Reconcile","file":"/Users/sibasishbehera/programming/kgateway/internal/kgateway/controller/controller.go","line":660},"msg":"updated gateway class status","component":"controller-runtime","controller":"gatewayclass","controllerGroup":"gateway.networking.k8s.io","controllerKind":"GatewayClass","GatewayClass":{"name":"kgateway"},"namespace":"","name":"kgateway","reconcileID":"d6a56590-b9d2-4552-95fd-3387ff10eca6","gwc":{"Namespace":"","Name":"kgateway"}}
{"time":"2025-11-19T17:48:26.175310942Z","level":"info","source":{"function":"github.com/kgateway-dev/kgateway/v2/internal/kgateway/controller.(*controllerReconciler).Reconcile","file":"/Users/sibasishbehera/programming/kgateway/internal/kgateway/controller/controller.go","line":662},"msg":"finished reconciling gateway class","component":"controller-runtime","controller":"gatewayclass","controllerGroup":"gateway.networking.k8s.io","controllerKind":"GatewayClass","GatewayClass":{"name":"kgateway"},"namespace":"","name":"kgateway","reconcileID":"d6a56590-b9d2-4552-95fd-3387ff10eca6","gwc":{"Namespace":"","Name":"kgateway"}}
{"time":"2025-11-19T17:48:26.175346734Z","level":"info","source":{"function":"github.com/kgateway-dev/kgateway/v2/internal/kgateway/controller.(*controllerReconciler).Reconcile","file":"/Users/sibasishbehera/programming/kgateway/internal/kgateway/controller/controller.go","line":634},"msg":"reconciling gateway class","component":"controller-runtime","controller":"gatewayclass","controllerGroup":"gateway.networking.k8s.io","controllerKind":"GatewayClass","GatewayClass":{"name":"agentgateway"},"namespace":"","name":"agentgateway","reconcileID":"a47c742d-3948-4cc5-89dc-ac95777bff5e","gwc":{"Namespace":"","Name":"agentgateway"}}
{"time":"2025-11-19T17:48:26.175523819Z","level":"info","source":{"function":"github.com/kgateway-dev/kgateway/v2/internal/kgateway/controller.(*gatewayClassProvisioner).Reconcile","file":"/Users/sibasishbehera/programming/kgateway/internal/kgateway/controller/gatewayclass_provisioner.go","line":109},"msg":"created GatewayClass","component":"controller-runtime","controller":"gatewayclass-provisioner","controllerGroup":"gateway.networking.k8s.io","controllerKind":"GatewayClass","GatewayClass":{"name":"agentgateway"},"namespace":"","name":"agentgateway","reconcileID":"5f5f5ffb-f881-4aff-a5ce-eb71df7c8d87","name":"kgateway"}
{"time":"2025-11-19T17:48:26.178800769Z","level":"info","source":{"function":"github.com/kgateway-dev/kgateway/v2/internal/kgateway/controller.(*gatewayClassProvisioner).Reconcile","file":"/Users/sibasishbehera/programming/kgateway/internal/kgateway/controller/gatewayclass_provisioner.go","line":109},"msg":"created GatewayClass","component":"controller-runtime","controller":"gatewayclass-provisioner","controllerGroup":"gateway.networking.k8s.io","controllerKind":"GatewayClass","GatewayClass":{"name":"agentgateway"},"namespace":"","name":"agentgateway","reconcileID":"5f5f5ffb-f881-4aff-a5ce-eb71df7c8d87","name":"agentgateway"}
{"time":"2025-11-19T17:48:26.178817145Z","level":"info","source":{"function":"github.com/kgateway-dev/kgateway/v2/internal/kgateway/controller.(*gatewayClassProvisioner).Reconcile","file":"/Users/sibasishbehera/programming/kgateway/internal/kgateway/controller/gatewayclass_provisioner.go","line":111},"msg":"finished reconciling GatewayClasses","component":"controller-runtime","controller":"gatewayclass-provisioner","controllerGroup":"gateway.networking.k8s.io","controllerKind":"GatewayClass","GatewayClass":{"name":"agentgateway"},"namespace":"","name":"agentgateway","reconcileID":"5f5f5ffb-f881-4aff-a5ce-eb71df7c8d87","controllerName":"gatewayclass-provisioner"}
{"time":"2025-11-19T17:48:26.17883352Z","level":"info","source":{"function":"github.com/kgateway-dev/kgateway/v2/internal/kgateway/controller.(*gatewayClassProvisioner).Reconcile","file":"/Users/sibasishbehera/programming/kgateway/internal/kgateway/controller/gatewayclass_provisioner.go","line":95},"msg":"reconciling GatewayClasses","component":"controller-runtime","controller":"gatewayclass-provisioner","controllerGroup":"gateway.networking.k8s.io","controllerKind":"GatewayClass","GatewayClass":{"name":"kgateway"},"namespace":"","name":"kgateway","reconcileID":"c54b6303-79ac-4de2-a97d-f9716b7eac4f","controllerName":"gatewayclass-provisioner"}
{"time":"2025-11-19T17:48:26.180114158Z","level":"info","source":{"function":"github.com/kgateway-dev/kgateway/v2/internal/kgateway/controller.(*controllerReconciler).Reconcile","file":"/Users/sibasishbehera/programming/kgateway/internal/kgateway/controller/controller.go","line":660},"msg":"updated gateway class status","component":"controller-runtime","controller":"gatewayclass","controllerGroup":"gateway.networking.k8s.io","controllerKind":"GatewayClass","GatewayClass":{"name":"agentgateway"},"namespace":"","name":"agentgateway","reconcileID":"a47c742d-3948-4cc5-89dc-ac95777bff5e","gwc":{"Namespace":"","Name":"agentgateway"}}
{"time":"2025-11-19T17:48:26.180131533Z","level":"info","source":{"function":"github.com/kgateway-dev/kgateway/v2/internal/kgateway/controller.(*controllerReconciler).Reconcile","file":"/Users/sibasishbehera/programming/kgateway/internal/kgateway/controller/controller.go","line":662},"msg":"finished reconciling gateway class","component":"controller-runtime","controller":"gatewayclass","controllerGroup":"gateway.networking.k8s.io","controllerKind":"GatewayClass","GatewayClass":{"name":"agentgateway"},"namespace":"","name":"agentgateway","reconcileID":"a47c742d-3948-4cc5-89dc-ac95777bff5e","gwc":{"Namespace":"","Name":"agentgateway"}}
{"time":"2025-11-19T17:48:26.183152315Z","level":"info","source":{"function":"github.com/kgateway-dev/kgateway/v2/internal/kgateway/controller.(*gatewayClassProvisioner).Reconcile","file":"/Users/sibasishbehera/programming/kgateway/internal/kgateway/controller/gatewayclass_provisioner.go","line":109},"msg":"created GatewayClass","component":"controller-runtime","controller":"gatewayclass-provisioner","controllerGroup":"gateway.networking.k8s.io","controllerKind":"GatewayClass","GatewayClass":{"name":"kgateway"},"namespace":"","name":"kgateway","reconcileID":"c54b6303-79ac-4de2-a97d-f9716b7eac4f","name":"agentgateway"}
{"time":"2025-11-19T17:48:26.186589934Z","level":"info","source":{"function":"github.com/kgateway-dev/kgateway/v2/internal/kgateway/controller.(*gatewayClassProvisioner).Reconcile","file":"/Users/sibasishbehera/programming/kgateway/internal/kgateway/controller/gatewayclass_provisioner.go","line":109},"msg":"created GatewayClass","component":"controller-runtime","controller":"gatewayclass-provisioner","controllerGroup":"gateway.networking.k8s.io","controllerKind":"GatewayClass","GatewayClass":{"name":"kgateway"},"namespace":"","name":"kgateway","reconcileID":"c54b6303-79ac-4de2-a97d-f9716b7eac4f","name":"kgateway"}
{"time":"2025-11-19T17:48:26.186617934Z","level":"info","source":{"function":"github.com/kgateway-dev/kgateway/v2/internal/kgateway/controller.(*gatewayClassProvisioner).Reconcile","file":"/Users/sibasishbehera/programming/kgateway/internal/kgateway/controller/gatewayclass_provisioner.go","line":111},"msg":"finished reconciling GatewayClasses","component":"controller-runtime","controller":"gatewayclass-provisioner","controllerGroup":"gateway.networking.k8s.io","controllerKind":"GatewayClass","GatewayClass":{"name":"kgateway"},"namespace":"","name":"kgateway","reconcileID":"c54b6303-79ac-4de2-a97d-f9716b7eac4f","controllerName":"gatewayclass-provisioner"}
{"time":"2025-11-19T17:48:26.186635476Z","level":"info","source":{"function":"github.com/kgateway-dev/kgateway/v2/internal/kgateway/controller.(*gatewayClassProvisioner).Reconcile","file":"/Users/sibasishbehera/programming/kgateway/internal/kgateway/controller/gatewayclass_provisioner.go","line":95},"msg":"reconciling GatewayClasses","component":"controller-runtime","controller":"gatewayclass-provisioner","controllerGroup":"gateway.networking.k8s.io","controllerKind":"GatewayClass","GatewayClass":{"name":"manual"},"namespace":"","name":"manual","reconcileID":"022d07d7-deff-44f0-9d13-b10ea5a497d2","controllerName":"gatewayclass-provisioner"}
{"time":"2025-11-19T17:48:26.191229898Z","level":"info","source":{"function":"github.com/kgateway-dev/kgateway/v2/internal/kgateway/controller.(*gatewayClassProvisioner).Reconcile","file":"/Users/sibasishbehera/programming/kgateway/internal/kgateway/controller/gatewayclass_provisioner.go","line":109},"msg":"created GatewayClass","component":"controller-runtime","controller":"gatewayclass-provisioner","controllerGroup":"gateway.networking.k8s.io","controllerKind":"GatewayClass","GatewayClass":{"name":"manual"},"namespace":"","name":"manual","reconcileID":"022d07d7-deff-44f0-9d13-b10ea5a497d2","name":"kgateway"}
{"time":"2025-11-19T17:48:26.194227179Z","level":"info","source":{"function":"github.com/kgateway-dev/kgateway/v2/internal/kgateway/controller.(*gatewayClassProvisioner).Reconcile","file":"/Users/sibasishbehera/programming/kgateway/internal/kgateway/controller/gatewayclass_provisioner.go","line":109},"msg":"created GatewayClass","component":"controller-runtime","controller":"gatewayclass-provisioner","controllerGroup":"gateway.networking.k8s.io","controllerKind":"GatewayClass","GatewayClass":{"name":"manual"},"namespace":"","name":"manual","reconcileID":"022d07d7-deff-44f0-9d13-b10ea5a497d2","name":"agentgateway"}
{"time":"2025-11-19T17:48:26.194249263Z","level":"info","source":{"function":"github.com/kgateway-dev/kgateway/v2/internal/kgateway/controller.(*gatewayClassProvisioner).Reconcile","file":"/Users/sibasishbehera/programming/kgateway/internal/kgateway/controller/gatewayclass_provisioner.go","line":111},"msg":"finished reconciling GatewayClasses","component":"controller-runtime","controller":"gatewayclass-provisioner","controllerGroup":"gateway.networking.k8s.io","controllerKind":"GatewayClass","GatewayClass":{"name":"manual"},"namespace":"","name":"manual","reconcileID":"022d07d7-deff-44f0-9d13-b10ea5a497d2","controllerName":"gatewayclass-provisioner"}
{"time":"2025-11-19T17:48:26.272885704Z","level":"info","source":{"function":"github.com/kgateway-dev/kgateway/v2/internal/kgateway/controller.(*gatewayReconciler).Reconcile","file":"/Users/sibasishbehera/programming/kgateway/internal/kgateway/controller/gw_controller.go","line":106},"msg":"reconciling gateway","component":"controller-runtime","controller":"gateway","controllerGroup":"gateway.networking.k8s.io","controllerKind":"Gateway","Gateway":{"name":"gw","namespace":"extproc-debug"},"namespace":"extproc-debug","name":"gw","reconcileID":"41c32ebc-9a27-4611-aa0d-ee22455f5224","gw":{"Namespace":"extproc-debug","Name":"gw"}}
{"time":"2025-11-19T17:48:26.27290937Z","level":"debug","msg":"using default HelmValuesGenerator for Gateway","component":"default","gateway_name":"gw","gateway_namespace":"extproc-debug"}
{"time":"2025-11-19T17:48:26.272911995Z","level":"debug","msg":"no GatewayParameters found for Gateway, using default","component":"default","gateway_name":"gw","gateway_namespace":"extproc-debug"}
{"time":"2025-11-19T17:48:26.273551419Z","level":"debug","msg":"got deployer helm values","component":"deployer","name":"gw","namespace":"extproc-debug","gvk":"gateway.networking.k8s.io/v1, Kind=Gateway","values":{"gateway":{"agwXds":{"host":"kgateway.agent-gateway-test.svc.cluster.local","port":9978,"tls":{"caCert":"/etc/xds-tls/ca.crt","enabled":false}},"dataPlaneType":"agentgateway","gatewayClassName":"agentgateway","gatewayName":"gw","gatewayNamespace":"extproc-debug","gracefulShutdown":{"enabled":true,"sleepTimeSeconds":10},"image":{"pullPolicy":"IfNotPresent","registry":"ghcr.io/agentgateway","repository":"agentgateway","tag":"0.10.4"},"istio":{"enabled":false},"istioContainer":{"image":{"pullPolicy":"IfNotPresent","registry":"docker.io/istio","repository":"proxyv2","tag":"1.22.0"},"istioDiscoveryAddress":"istiod.istio-system.svc:15012","istioMetaClusterId":"Kubernetes","istioMetaMeshId":"cluster.local","logLevel":"warning"},"logLevel":"info","name":"gw","podSecurityContext":{"sysctls":[{"name":"net.ipv4.ip_unprivileged_port_start","value":"0"}]},"ports":[{"name":"listener-8080","port":8080,"protocol":"TCP","targetPort":8080}],"readinessProbe":{"httpGet":{"path":"/healthz/ready","port":15021},"periodSeconds":10},"sdsContainer":{"image":{"pullPolicy":"IfNotPresent","registry":"ghcr.io/kgateway-dev","repository":"sds","tag":"1.0.1-dev"},"sdsBootstrap":{"logLevel":"info"}},"securityContext":{"allowPrivilegeEscalation":false,"capabilities":{"drop":["ALL"]},"readOnlyRootFilesystem":true,"runAsNonRoot":true,"runAsUser":10101},"service":{"type":"LoadBalancer"},"serviceAccount":{},"startupProbe":{"failureThreshold":60,"httpGet":{"path":"/healthz/ready","port":15021},"periodSeconds":1,"successThreshold":1,"timeoutSeconds":2},"stats":{"enableStatsRoute":true,"enabled":true,"routePrefixRewrite":"/stats/prometheus?usedonly","statsPrefixRewrite":"/stats"},"terminationGracePeriodSeconds":60,"xds":{"host":"kgateway.agent-gateway-test.svc.cluster.local","port":9977,"tls":{"caCert":"/etc/xds-tls/ca.crt","enabled":false}}}}}
{"time":"2025-11-19T17:48:26.275972652Z","level":"info","msg":"deploying object","component":"deployer","kind":{"kind":"ServiceAccount","apiVersion":"v1"},"namespace":"extproc-debug","name":"gw"}
{"time":"2025-11-19T17:48:26.280660326Z","level":"info","msg":"deploying object","component":"deployer","kind":{"kind":"ConfigMap","apiVersion":"v1"},"namespace":"extproc-debug","name":"gw"}
{"time":"2025-11-19T17:48:26.284936829Z","level":"info","msg":"deploying object","component":"deployer","kind":{"kind":"Service","apiVersion":"v1"},"namespace":"extproc-debug","name":"gw"}
{"time":"2025-11-19T17:48:26.304001526Z","level":"debug","msg":"building endpoints","component":"krtcollections","kubesvc":{"Namespace":"extproc-debug","Name":"gw"}}
{"time":"2025-11-19T17:48:26.304038443Z","level":"debug","msg":"no ports found in endpointslices for service","component":"krtcollections","kubesvc":{"Namespace":"extproc-debug","Name":"gw"},"name":"gw","namespace":"extproc-debug"}
{"time":"2025-11-19T17:48:26.306763097Z","level":"debug","msg":"building endpoints","component":"krtcollections","kubesvc":{"Namespace":"extproc-debug","Name":"gw"}}
{"time":"2025-11-19T17:48:26.306785972Z","level":"debug","msg":"no ports found in endpointslices for service","component":"krtcollections","kubesvc":{"Namespace":"extproc-debug","Name":"gw"},"name":"gw","namespace":"extproc-debug"}
{"time":"2025-11-19T17:48:26.306972224Z","level":"info","msg":"deploying object","component":"deployer","kind":{"kind":"Deployment","apiVersion":"apps/v1"},"namespace":"extproc-debug","name":"gw"}
{"time":"2025-11-19T17:48:26.316509864Z","level":"debug+3","source":{"function":"github.com/kgateway-dev/kgateway/v2/internal/kgateway/controller.(*gatewayReconciler).Reconcile","file":"/Users/sibasishbehera/programming/kgateway/internal/kgateway/controller/gw_controller.go","line":60},"msg":"reconciling request","component":"controller-runtime","controller":"gateway","controllerGroup":"gateway.networking.k8s.io","controllerKind":"Gateway","Gateway":{"name":"gw","namespace":"default"},"namespace":"default","name":"gw","reconcileID":"a7d17631-5eda-435d-8746-5bad77de042d","gw":{"Namespace":"default","Name":"gw"},"req":{"Namespace":"default","Name":"gw"}}
{"time":"2025-11-19T17:48:26.316628241Z","level":"info","source":{"function":"github.com/kgateway-dev/kgateway/v2/internal/kgateway/controller.(*gatewayReconciler).Reconcile","file":"/Users/sibasishbehera/programming/kgateway/internal/kgateway/controller/gw_controller.go","line":106},"msg":"reconciling gateway","component":"controller-runtime","controller":"gateway","controllerGroup":"gateway.networking.k8s.io","controllerKind":"Gateway","Gateway":{"name":"gw","namespace":"default"},"namespace":"default","name":"gw","reconcileID":"a7d17631-5eda-435d-8746-5bad77de042d","gw":{"Namespace":"default","Name":"gw"}}
{"time":"2025-11-19T17:48:26.316646074Z","level":"debug","msg":"using default HelmValuesGenerator for Gateway","component":"default","gateway_name":"gw","gateway_namespace":"default"}
{"time":"2025-11-19T17:48:26.316651866Z","level":"debug","msg":"no GatewayParameters found for Gateway, using default","component":"default","gateway_name":"gw","gateway_namespace":"default"}
{"time":"2025-11-19T17:48:26.316998869Z","level":"debug","msg":"got deployer helm values","component":"deployer","name":"gw","namespace":"default","gvk":"gateway.networking.k8s.io/v1, Kind=Gateway","values":{"gateway":{"agwXds":{"host":"kgateway.agent-gateway-test.svc.cluster.local","port":9978,"tls":{"caCert":"/etc/xds-tls/ca.crt","enabled":false}},"dataPlaneType":"agentgateway","gatewayClassName":"agentgateway","gatewayName":"gw","gatewayNamespace":"default","gracefulShutdown":{"enabled":true,"sleepTimeSeconds":10},"image":{"pullPolicy":"IfNotPresent","registry":"ghcr.io/agentgateway","repository":"agentgateway","tag":"0.10.4"},"istio":{"enabled":false},"istioContainer":{"image":{"pullPolicy":"IfNotPresent","registry":"docker.io/istio","repository":"proxyv2","tag":"1.22.0"},"istioDiscoveryAddress":"istiod.istio-system.svc:15012","istioMetaClusterId":"Kubernetes","istioMetaMeshId":"cluster.local","logLevel":"warning"},"logLevel":"info","name":"gw","podSecurityContext":{"sysctls":[{"name":"net.ipv4.ip_unprivileged_port_start","value":"0"}]},"ports":[{"name":"listener-8080","port":8080,"protocol":"TCP","targetPort":8080}],"readinessProbe":{"httpGet":{"path":"/healthz/ready","port":15021},"periodSeconds":10},"sdsContainer":{"image":{"pullPolicy":"IfNotPresent","registry":"ghcr.io/kgateway-dev","repository":"sds","tag":"1.0.1-dev"},"sdsBootstrap":{"logLevel":"info"}},"securityContext":{"allowPrivilegeEscalation":false,"capabilities":{"drop":["ALL"]},"readOnlyRootFilesystem":true,"runAsNonRoot":true,"runAsUser":10101},"service":{"type":"LoadBalancer"},"serviceAccount":{},"startupProbe":{"failureThreshold":60,"httpGet":{"path":"/healthz/ready","port":15021},"periodSeconds":1,"successThreshold":1,"timeoutSeconds":2},"stats":{"enableStatsRoute":true,"enabled":true,"routePrefixRewrite":"/stats/prometheus?usedonly","statsPrefixRewrite":"/stats"},"terminationGracePeriodSeconds":60,"xds":{"host":"kgateway.agent-gateway-test.svc.cluster.local","port":9977,"tls":{"caCert":"/etc/xds-tls/ca.crt","enabled":false}}}}}
{"time":"2025-11-19T17:48:26.321014369Z","level":"info","msg":"deploying object","component":"deployer","kind":{"kind":"ServiceAccount","apiVersion":"v1"},"namespace":"default","name":"gw"}
{"time":"2025-11-19T17:48:26.32897341Z","level":"info","msg":"deploying object","component":"deployer","kind":{"kind":"ConfigMap","apiVersion":"v1"},"namespace":"default","name":"gw"}
{"time":"2025-11-19T17:48:26.333776085Z","level":"info","msg":"deploying object","component":"deployer","kind":{"kind":"Service","apiVersion":"v1"},"namespace":"default","name":"gw"}
{"time":"2025-11-19T17:48:26.355350017Z","level":"info","msg":"deploying object","component":"deployer","kind":{"kind":"Deployment","apiVersion":"apps/v1"},"namespace":"default","name":"gw"}
{"time":"2025-11-19T17:48:26.35660103Z","level":"debug","msg":"building endpoints","component":"krtcollections","kubesvc":{"Namespace":"default","Name":"gw"}}
{"time":"2025-11-19T17:48:26.361317871Z","level":"debug","msg":"no ports found in endpointslices for service","component":"krtcollections","kubesvc":{"Namespace":"default","Name":"gw"},"name":"gw","namespace":"default"}
{"time":"2025-11-19T17:48:26.361503498Z","level":"debug","msg":"building endpoints","component":"krtcollections","kubesvc":{"Namespace":"default","Name":"gw"}}
{"time":"2025-11-19T17:48:26.361557915Z","level":"debug","msg":"no ports found in endpointslices for service","component":"krtcollections","kubesvc":{"Namespace":"default","Name":"gw"},"name":"gw","namespace":"default"}
{"time":"2025-11-19T17:48:26.361567998Z","level":"debug","msg":"building endpoints","component":"krtcollections","kubesvc":{"Namespace":"default","Name":"gw"}}
{"time":"2025-11-19T17:48:26.361572415Z","level":"debug","msg":"no ports found in endpointslices for service","component":"krtcollections","kubesvc":{"Namespace":"default","Name":"gw"},"name":"gw","namespace":"default"}
{"time":"2025-11-19T17:48:26.3778315Z","level":"debug+3","source":{"function":"github.com/kgateway-dev/kgateway/v2/internal/kgateway/controller.(*gatewayReconciler).Reconcile","file":"/Users/sibasishbehera/programming/kgateway/internal/kgateway/controller/gw_controller.go","line":60},"msg":"reconciling request","component":"controller-runtime","controller":"gateway","controllerGroup":"gateway.networking.k8s.io","controllerKind":"Gateway","Gateway":{"name":"gw","namespace":"extproc-debug"},"namespace":"extproc-debug","name":"gw","reconcileID":"9bb9edfc-3f20-473e-8d1e-989ceabc29a7","gw":{"Namespace":"extproc-debug","Name":"gw"},"req":{"Namespace":"extproc-debug","Name":"gw"}}
{"time":"2025-11-19T17:48:26.378014586Z","level":"info","source":{"function":"github.com/kgateway-dev/kgateway/v2/internal/kgateway/controller.(*gatewayReconciler).Reconcile","file":"/Users/sibasishbehera/programming/kgateway/internal/kgateway/controller/gw_controller.go","line":106},"msg":"reconciling gateway","component":"controller-runtime","controller":"gateway","controllerGroup":"gateway.networking.k8s.io","controllerKind":"Gateway","Gateway":{"name":"gw","namespace":"extproc-debug"},"namespace":"extproc-debug","name":"gw","reconcileID":"9bb9edfc-3f20-473e-8d1e-989ceabc29a7","gw":{"Namespace":"extproc-debug","Name":"gw"}}
{"time":"2025-11-19T17:48:26.378027669Z","level":"debug","msg":"using default HelmValuesGenerator for Gateway","component":"default","gateway_name":"gw","gateway_namespace":"extproc-debug"}
{"time":"2025-11-19T17:48:26.378030836Z","level":"debug","msg":"no GatewayParameters found for Gateway, using default","component":"default","gateway_name":"gw","gateway_namespace":"extproc-debug"}
{"time":"2025-11-19T17:48:26.378126045Z","level":"debug","msg":"got deployer helm values","component":"deployer","name":"gw","namespace":"extproc-debug","gvk":"gateway.networking.k8s.io/v1, Kind=Gateway","values":{"gateway":{"agwXds":{"host":"kgateway.agent-gateway-test.svc.cluster.local","port":9978,"tls":{"caCert":"/etc/xds-tls/ca.crt","enabled":false}},"dataPlaneType":"agentgateway","gatewayClassName":"agentgateway","gatewayName":"gw","gatewayNamespace":"extproc-debug","gracefulShutdown":{"enabled":true,"sleepTimeSeconds":10},"image":{"pullPolicy":"IfNotPresent","registry":"ghcr.io/agentgateway","repository":"agentgateway","tag":"0.10.4"},"istio":{"enabled":false},"istioContainer":{"image":{"pullPolicy":"IfNotPresent","registry":"docker.io/istio","repository":"proxyv2","tag":"1.22.0"},"istioDiscoveryAddress":"istiod.istio-system.svc:15012","istioMetaClusterId":"Kubernetes","istioMetaMeshId":"cluster.local","logLevel":"warning"},"logLevel":"info","name":"gw","podSecurityContext":{"sysctls":[{"name":"net.ipv4.ip_unprivileged_port_start","value":"0"}]},"ports":[{"name":"listener-8080","port":8080,"protocol":"TCP","targetPort":8080}],"readinessProbe":{"httpGet":{"path":"/healthz/ready","port":15021},"periodSeconds":10},"sdsContainer":{"image":{"pullPolicy":"IfNotPresent","registry":"ghcr.io/kgateway-dev","repository":"sds","tag":"1.0.1-dev"},"sdsBootstrap":{"logLevel":"info"}},"securityContext":{"allowPrivilegeEscalation":false,"capabilities":{"drop":["ALL"]},"readOnlyRootFilesystem":true,"runAsNonRoot":true,"runAsUser":10101},"service":{"type":"LoadBalancer"},"serviceAccount":{},"startupProbe":{"failureThreshold":60,"httpGet":{"path":"/healthz/ready","port":15021},"periodSeconds":1,"successThreshold":1,"timeoutSeconds":2},"stats":{"enableStatsRoute":true,"enabled":true,"routePrefixRewrite":"/stats/prometheus?usedonly","statsPrefixRewrite":"/stats"},"terminationGracePeriodSeconds":60,"xds":{"host":"kgateway.agent-gateway-test.svc.cluster.local","port":9977,"tls":{"caCert":"/etc/xds-tls/ca.crt","enabled":false}}}}}
{"time":"2025-11-19T17:48:26.390510215Z","level":"debug","msg":"translating Gateway","component":"agentgateway/translator","gw_name":"gw","resource_version":"1980571"}
{"time":"2025-11-19T17:48:26.390776218Z","level":"debug","msg":"object unchanged, skipping apply","component":"deployer","kind":"/v1, Kind=ServiceAccount","namespace":"extproc-debug","name":"gw"}
{"time":"2025-11-19T17:48:26.390942428Z","level":"debug","msg":"object unchanged, skipping apply","component":"deployer","kind":"/v1, Kind=ConfigMap","namespace":"extproc-debug","name":"gw"}
{"time":"2025-11-19T17:48:26.390967262Z","level":"info","msg":"deploying object","component":"deployer","kind":{"kind":"Service","apiVersion":"v1"},"namespace":"extproc-debug","name":"gw"}
{"level":"info","time":"2025-11-19T17:48:26.393574Z","msg":"sync complete","name":"informer/Pods handler","attempt":2,"time":"2.756612ms"}
{"time":"2025-11-19T17:48:26.393830041Z","level":"info","msg":"deploying object","component":"deployer","kind":{"kind":"Deployment","apiVersion":"apps/v1"},"namespace":"extproc-debug","name":"gw"}
{"level":"info","time":"2025-11-19T17:48:26.395843Z","msg":"sync complete","name":"informer/GatewayClasses handler","attempt":2,"time":"2.134605ms"}
{"time":"2025-11-19T17:48:26.418146543Z","level":"debug+3","source":{"function":"github.com/kgateway-dev/kgateway/v2/internal/kgateway/controller.(*gatewayReconciler).Reconcile","file":"/Users/sibasishbehera/programming/kgateway/internal/kgateway/controller/gw_controller.go","line":60},"msg":"reconciling request","component":"controller-runtime","controller":"gateway","controllerGroup":"gateway.networking.k8s.io","controllerKind":"Gateway","Gateway":{"name":"gw","namespace":"default"},"namespace":"default","name":"gw","reconcileID":"09aef752-b62c-45af-8647-65f79d4763da","gw":{"Namespace":"default","Name":"gw"},"req":{"Namespace":"default","Name":"gw"}}
{"time":"2025-11-19T17:48:26.418261795Z","level":"info","source":{"function":"github.com/kgateway-dev/kgateway/v2/internal/kgateway/controller.(*gatewayReconciler).Reconcile","file":"/Users/sibasishbehera/programming/kgateway/internal/kgateway/controller/gw_controller.go","line":106},"msg":"reconciling gateway","component":"controller-runtime","controller":"gateway","controllerGroup":"gateway.networking.k8s.io","controllerKind":"Gateway","Gateway":{"name":"gw","namespace":"default"},"namespace":"default","name":"gw","reconcileID":"09aef752-b62c-45af-8647-65f79d4763da","gw":{"Namespace":"default","Name":"gw"}}
{"time":"2025-11-19T17:48:26.41828242Z","level":"debug","msg":"using default HelmValuesGenerator for Gateway","component":"default","gateway_name":"gw","gateway_namespace":"default"}
{"time":"2025-11-19T17:48:26.41829842Z","level":"debug","msg":"no GatewayParameters found for Gateway, using default","component":"default","gateway_name":"gw","gateway_namespace":"default"}
{"time":"2025-11-19T17:48:26.418419588Z","level":"debug","msg":"got deployer helm values","component":"deployer","name":"gw","namespace":"default","gvk":"gateway.networking.k8s.io/v1, Kind=Gateway","values":{"gateway":{"agwXds":{"host":"kgateway.agent-gateway-test.svc.cluster.local","port":9978,"tls":{"caCert":"/etc/xds-tls/ca.crt","enabled":false}},"dataPlaneType":"agentgateway","gatewayClassName":"agentgateway","gatewayName":"gw","gatewayNamespace":"default","gracefulShutdown":{"enabled":true,"sleepTimeSeconds":10},"image":{"pullPolicy":"IfNotPresent","registry":"ghcr.io/agentgateway","repository":"agentgateway","tag":"0.10.4"},"istio":{"enabled":false},"istioContainer":{"image":{"pullPolicy":"IfNotPresent","registry":"docker.io/istio","repository":"proxyv2","tag":"1.22.0"},"istioDiscoveryAddress":"istiod.istio-system.svc:15012","istioMetaClusterId":"Kubernetes","istioMetaMeshId":"cluster.local","logLevel":"warning"},"logLevel":"info","name":"gw","podSecurityContext":{"sysctls":[{"name":"net.ipv4.ip_unprivileged_port_start","value":"0"}]},"ports":[{"name":"listener-8080","port":8080,"protocol":"TCP","targetPort":8080}],"readinessProbe":{"httpGet":{"path":"/healthz/ready","port":15021},"periodSeconds":10},"sdsContainer":{"image":{"pullPolicy":"IfNotPresent","registry":"ghcr.io/kgateway-dev","repository":"sds","tag":"1.0.1-dev"},"sdsBootstrap":{"logLevel":"info"}},"securityContext":{"allowPrivilegeEscalation":false,"capabilities":{"drop":["ALL"]},"readOnlyRootFilesystem":true,"runAsNonRoot":true,"runAsUser":10101},"service":{"type":"LoadBalancer"},"serviceAccount":{},"startupProbe":{"failureThreshold":60,"httpGet":{"path":"/healthz/ready","port":15021},"periodSeconds":1,"successThreshold":1,"timeoutSeconds":2},"stats":{"enableStatsRoute":true,"enabled":true,"routePrefixRewrite":"/stats/prometheus?usedonly","statsPrefixRewrite":"/stats"},"terminationGracePeriodSeconds":60,"xds":{"host":"kgateway.agent-gateway-test.svc.cluster.local","port":9977,"tls":{"caCert":"/etc/xds-tls/ca.crt","enabled":false}}}}}
{"time":"2025-11-19T17:48:26.429827581Z","level":"debug","msg":"translating Gateway","component":"agentgateway/translator","gw_name":"gw","resource_version":"1980579"}
{"time":"2025-11-19T17:48:26.432975697Z","level":"debug","msg":"object unchanged, skipping apply","component":"deployer","kind":"/v1, Kind=ServiceAccount","namespace":"default","name":"gw"}
{"time":"2025-11-19T17:48:26.433034614Z","level":"debug","msg":"object unchanged, skipping apply","component":"deployer","kind":"/v1, Kind=ConfigMap","namespace":"default","name":"gw"}
{"time":"2025-11-19T17:48:26.433079657Z","level":"info","msg":"deploying object","component":"deployer","kind":{"kind":"Service","apiVersion":"v1"},"namespace":"default","name":"gw"}
{"time":"2025-11-19T17:48:26.437134949Z","level":"info","msg":"deploying object","component":"deployer","kind":{"kind":"Deployment","apiVersion":"apps/v1"},"namespace":"default","name":"gw"}
{"time":"2025-11-19T17:48:26.457097781Z","level":"info","msg":"push debounce stable","component":"krtxds","id":8,"debouncedEvents":2,"lastChange":"100.323333ms","lastPush":"153.189672ms","cause":"extproc-debug/gw.extproc-debug.svc.cluster.local and 1 more configs"}
{"time":"2025-11-19T17:48:26.457138948Z","level":"info","msg":"XDS: Pushing","component":"krtxds","clients":0,"version":"2025-11-19T17:48:26Z/8"}
{"time":"2025-11-19T17:48:26.886369316Z","level":"debug","msg":"gRPC call","component":"default","method":"/envoy.service.discovery.v3.AggregatedDiscoveryService/DeltaAggregatedResources"}
{"time":"2025-11-19T17:48:26.887601496Z","level":"debug","msg":"authentication succeeded","component":"default","auth_source":1}
{"time":"2025-11-19T17:48:26.887633621Z","level":"debug","msg":"authenticated XDS","component":"krtxds","peer":"10.244.0.18:35734","identity":{"Namespace":"extproc-debug","Name":"gw"}}
{"time":"2025-11-19T17:48:26.887848415Z","level":"info","msg":"ADS: new delta connection","component":"krtxds","node":"agentgateway~1.1.1.1~gw-84ff7d7796-mmpd8.extproc-debug~extproc-debug.svc.cluster.local-1"}
{"time":"2025-11-19T17:48:26.887862207Z","level":"debug","msg":"ADS: REQ resources","component":"krtxds","type":"type.googleapis.com/agentgateway.dev.workload.Address","connection":"agentgateway~1.1.1.1~gw-84ff7d7796-mmpd8.extproc-debug~extproc-debug.svc.cluster.local-1","subscribe":0,"unsubscribe":0,"nonce":""}
{"time":"2025-11-19T17:48:26.887869957Z","level":"debug","msg":"ADS: REQUEST","component":"krtxds","type":"type.googleapis.com/agentgateway.dev.workload.Address","connection":"agentgateway~1.1.1.1~gw-84ff7d7796-mmpd8.extproc-debug~extproc-debug.svc.cluster.local-1","subscribe":null,"unsubscribe":null,"initial":null}
{"time":"2025-11-19T17:48:26.88788004Z","level":"debug","msg":"ADS: INIT","component":"krtxds","type":"type.googleapis.com/agentgateway.dev.workload.Address","connection":"agentgateway~1.1.1.1~gw-84ff7d7796-mmpd8.extproc-debug~extproc-debug.svc.cluster.local-1","nonce":""}
{"time":"2025-11-19T17:48:26.887956208Z","level":"info","msg":"push response","component":"krtxds","type":"type.googleapis.com/agentgateway.dev.workload.Address","reason":" request","node":"agentgateway~1.1.1.1~gw-84ff7d7796-mmpd8.extproc-debug~extproc-debug.svc.cluster.local","resources":32,"removed":0,"size":"5.3kB"}
{"time":"2025-11-19T17:48:26.887960166Z","level":"debug","msg":"ADS: REQ resources","component":"krtxds","type":"type.googleapis.com/agentgateway.dev.resource.Resource","connection":"agentgateway~1.1.1.1~gw-84ff7d7796-mmpd8.extproc-debug~extproc-debug.svc.cluster.local-1","subscribe":0,"unsubscribe":0,"nonce":""}
{"time":"2025-11-19T17:48:26.887962041Z","level":"debug","msg":"ADS: REQUEST","component":"krtxds","type":"type.googleapis.com/agentgateway.dev.resource.Resource","connection":"agentgateway~1.1.1.1~gw-84ff7d7796-mmpd8.extproc-debug~extproc-debug.svc.cluster.local-1","subscribe":null,"unsubscribe":null,"initial":null}
{"time":"2025-11-19T17:48:26.887964874Z","level":"debug","msg":"ADS: INIT","component":"krtxds","type":"type.googleapis.com/agentgateway.dev.resource.Resource","connection":"agentgateway~1.1.1.1~gw-84ff7d7796-mmpd8.extproc-debug~extproc-debug.svc.cluster.local-1","nonce":""}
{"time":"2025-11-19T17:48:26.887971833Z","level":"info","msg":"push response","component":"krtxds","type":"type.googleapis.com/agentgateway.dev.resource.Resource","reason":" request","node":"agentgateway~1.1.1.1~gw-84ff7d7796-mmpd8.extproc-debug~extproc-debug.svc.cluster.local","resources":2,"removed":0,"size":"102B"}
{"time":"2025-11-19T17:48:26.889212971Z","level":"debug","msg":"ADS: REQ resources","component":"krtxds","type":"type.googleapis.com/agentgateway.dev.workload.Address","connection":"agentgateway~1.1.1.1~gw-84ff7d7796-mmpd8.extproc-debug~extproc-debug.svc.cluster.local-1","subscribe":0,"unsubscribe":0,"nonce":"50a768ae-928c-4e2c-8843-38d502c3f427"}
{"time":"2025-11-19T17:48:26.889221179Z","level":"debug","msg":"ADS: REQUEST","component":"krtxds","type":"type.googleapis.com/agentgateway.dev.workload.Address","connection":"agentgateway~1.1.1.1~gw-84ff7d7796-mmpd8.extproc-debug~extproc-debug.svc.cluster.local-1","subscribe":null,"unsubscribe":null,"initial":null}
{"time":"2025-11-19T17:48:26.889228763Z","level":"debug","msg":"ADS: ACK","component":"krtxds","type":"type.googleapis.com/agentgateway.dev.workload.Address","connection":"agentgateway~1.1.1.1~gw-84ff7d7796-mmpd8.extproc-debug~extproc-debug.svc.cluster.local-1","nonce":"50a768ae-928c-4e2c-8843-38d502c3f427"}
{"time":"2025-11-19T17:48:26.889230471Z","level":"debug","msg":"no response needed","component":"krtxds"}
{"time":"2025-11-19T17:48:26.889231804Z","level":"debug","msg":"ADS: REQ resources","component":"krtxds","type":"type.googleapis.com/agentgateway.dev.resource.Resource","connection":"agentgateway~1.1.1.1~gw-84ff7d7796-mmpd8.extproc-debug~extproc-debug.svc.cluster.local-1","subscribe":0,"unsubscribe":0,"nonce":"159d08d9-2b93-4fdd-9b0f-3581fa8e57d5"}
{"time":"2025-11-19T17:48:26.889233346Z","level":"debug","msg":"ADS: REQUEST","component":"krtxds","type":"type.googleapis.com/agentgateway.dev.resource.Resource","connection":"agentgateway~1.1.1.1~gw-84ff7d7796-mmpd8.extproc-debug~extproc-debug.svc.cluster.local-1","subscribe":null,"unsubscribe":null,"initial":null}
{"time":"2025-11-19T17:48:26.889235513Z","level":"debug","msg":"ADS: ACK","component":"krtxds","type":"type.googleapis.com/agentgateway.dev.resource.Resource","connection":"agentgateway~1.1.1.1~gw-84ff7d7796-mmpd8.extproc-debug~extproc-debug.svc.cluster.local-1","nonce":"159d08d9-2b93-4fdd-9b0f-3581fa8e57d5"}
{"time":"2025-11-19T17:48:26.889236596Z","level":"debug","msg":"no response needed","component":"krtxds"}
{"time":"2025-11-19T17:48:26.939160322Z","level":"debug","msg":"gRPC call","component":"default","method":"/envoy.service.discovery.v3.AggregatedDiscoveryService/DeltaAggregatedResources"}
{"time":"2025-11-19T17:48:26.940997049Z","level":"debug","msg":"authentication succeeded","component":"default","auth_source":1}
{"time":"2025-11-19T17:48:26.9410438Z","level":"debug","msg":"authenticated XDS","component":"krtxds","peer":"10.244.0.19:40382","identity":{"Namespace":"default","Name":"gw"}}
{"time":"2025-11-19T17:48:26.941133884Z","level":"info","msg":"ADS: new delta connection","component":"krtxds","node":"agentgateway~1.1.1.1~gw-84ff7d7796-5svhj.default~default.svc.cluster.local-2"}
{"time":"2025-11-19T17:48:26.941153968Z","level":"debug","msg":"ADS: REQ resources","component":"krtxds","type":"type.googleapis.com/agentgateway.dev.workload.Address","connection":"agentgateway~1.1.1.1~gw-84ff7d7796-5svhj.default~default.svc.cluster.local-2","subscribe":0,"unsubscribe":0,"nonce":""}
{"time":"2025-11-19T17:48:26.941160218Z","level":"debug","msg":"ADS: REQUEST","component":"krtxds","type":"type.googleapis.com/agentgateway.dev.workload.Address","connection":"agentgateway~1.1.1.1~gw-84ff7d7796-5svhj.default~default.svc.cluster.local-2","subscribe":null,"unsubscribe":null,"initial":null}
{"time":"2025-11-19T17:48:26.941171635Z","level":"debug","msg":"ADS: INIT","component":"krtxds","type":"type.googleapis.com/agentgateway.dev.workload.Address","connection":"agentgateway~1.1.1.1~gw-84ff7d7796-5svhj.default~default.svc.cluster.local-2","nonce":""}
{"time":"2025-11-19T17:48:26.94123051Z","level":"info","msg":"push response","component":"krtxds","type":"type.googleapis.com/agentgateway.dev.workload.Address","reason":" request","node":"agentgateway~1.1.1.1~gw-84ff7d7796-5svhj.default~default.svc.cluster.local","resources":32,"removed":0,"size":"5.3kB"}
{"time":"2025-11-19T17:48:26.941242719Z","level":"debug","msg":"ADS: REQ resources","component":"krtxds","type":"type.googleapis.com/agentgateway.dev.resource.Resource","connection":"agentgateway~1.1.1.1~gw-84ff7d7796-5svhj.default~default.svc.cluster.local-2","subscribe":0,"unsubscribe":0,"nonce":""}
{"time":"2025-11-19T17:48:26.941246802Z","level":"debug","msg":"ADS: REQUEST","component":"krtxds","type":"type.googleapis.com/agentgateway.dev.resource.Resource","connection":"agentgateway~1.1.1.1~gw-84ff7d7796-5svhj.default~default.svc.cluster.local-2","subscribe":null,"unsubscribe":null,"initial":null}
{"time":"2025-11-19T17:48:26.941251219Z","level":"debug","msg":"ADS: INIT","component":"krtxds","type":"type.googleapis.com/agentgateway.dev.resource.Resource","connection":"agentgateway~1.1.1.1~gw-84ff7d7796-5svhj.default~default.svc.cluster.local-2","nonce":""}
{"time":"2025-11-19T17:48:26.941263136Z","level":"info","msg":"push response","component":"krtxds","type":"type.googleapis.com/agentgateway.dev.resource.Resource","reason":" request","node":"agentgateway~1.1.1.1~gw-84ff7d7796-5svhj.default~default.svc.cluster.local","resources":2,"removed":0,"size":"78B"}
{"time":"2025-11-19T17:48:26.94173589Z","level":"debug","msg":"ADS: REQ resources","component":"krtxds","type":"type.googleapis.com/agentgateway.dev.workload.Address","connection":"agentgateway~1.1.1.1~gw-84ff7d7796-5svhj.default~default.svc.cluster.local-2","subscribe":0,"unsubscribe":0,"nonce":"181ebb95-1b7b-4e9e-90d5-78d0b5c51f7a"}
{"time":"2025-11-19T17:48:26.941753307Z","level":"debug","msg":"ADS: REQUEST","component":"krtxds","type":"type.googleapis.com/agentgateway.dev.workload.Address","connection":"agentgateway~1.1.1.1~gw-84ff7d7796-5svhj.default~default.svc.cluster.local-2","subscribe":null,"unsubscribe":null,"initial":null}
{"time":"2025-11-19T17:48:26.941762391Z","level":"debug","msg":"ADS: ACK","component":"krtxds","type":"type.googleapis.com/agentgateway.dev.workload.Address","connection":"agentgateway~1.1.1.1~gw-84ff7d7796-5svhj.default~default.svc.cluster.local-2","nonce":"181ebb95-1b7b-4e9e-90d5-78d0b5c51f7a"}
{"time":"2025-11-19T17:48:26.941765474Z","level":"debug","msg":"no response needed","component":"krtxds"}
{"time":"2025-11-19T17:48:26.941768057Z","level":"debug","msg":"ADS: REQ resources","component":"krtxds","type":"type.googleapis.com/agentgateway.dev.resource.Resource","connection":"agentgateway~1.1.1.1~gw-84ff7d7796-5svhj.default~default.svc.cluster.local-2","subscribe":0,"unsubscribe":0,"nonce":"615f4178-2934-4982-b19a-14a05974d7a7"}
{"time":"2025-11-19T17:48:26.941771349Z","level":"debug","msg":"ADS: REQUEST","component":"krtxds","type":"type.googleapis.com/agentgateway.dev.resource.Resource","connection":"agentgateway~1.1.1.1~gw-84ff7d7796-5svhj.default~default.svc.cluster.local-2","subscribe":null,"unsubscribe":null,"initial":null}
{"time":"2025-11-19T17:48:26.941776183Z","level":"debug","msg":"ADS: ACK","component":"krtxds","type":"type.googleapis.com/agentgateway.dev.resource.Resource","connection":"agentgateway~1.1.1.1~gw-84ff7d7796-5svhj.default~default.svc.cluster.local-2","nonce":"615f4178-2934-4982-b19a-14a05974d7a7"}
{"time":"2025-11-19T17:48:26.941778683Z","level":"debug","msg":"no response needed","component":"krtxds"}
{"time":"2025-11-19T17:48:27.874595661Z","level":"debug","msg":"building endpoints","component":"krtcollections","kubesvc":{"Namespace":"extproc-debug","Name":"gw"}}
{"time":"2025-11-19T17:48:27.874618953Z","level":"debug","msg":"created endpoint","component":"krtcollections","kubesvc":{"Namespace":"extproc-debug","Name":"gw"},"total_endpoints":0}
{"time":"2025-11-19T17:48:27.888323136Z","level":"debug","msg":"building endpoints","component":"krtcollections","kubesvc":{"Namespace":"default","Name":"gw"}}
{"time":"2025-11-19T17:48:27.88834722Z","level":"debug","msg":"created endpoint","component":"krtcollections","kubesvc":{"Namespace":"default","Name":"gw"},"total_endpoints":0}
{"time":"2025-11-19T17:48:27.984098085Z","level":"info","msg":"push debounce stable","component":"krtxds","id":9,"debouncedEvents":2,"lastChange":"100.87771ms","lastPush":"111.042356ms","cause":"//Pod/extproc-debug/gw-84ff7d7796-mmpd8 and 1 more configs"}
{"time":"2025-11-19T17:48:27.984143585Z","level":"info","msg":"XDS: Pushing","component":"krtxds","clients":2,"version":"2025-11-19T17:48:27Z/9"}
{"time":"2025-11-19T17:48:27.984272795Z","level":"info","msg":"push response","component":"krtxds","type":"type.googleapis.com/agentgateway.dev.workload.Address","reason":"","node":"agentgateway~1.1.1.1~gw-84ff7d7796-mmpd8.extproc-debug~extproc-debug.svc.cluster.local","resources":2,"removed":0,"size":"366B"}
{"time":"2025-11-19T17:48:27.984275253Z","level":"info","msg":"push response","component":"krtxds","type":"type.googleapis.com/agentgateway.dev.workload.Address","reason":"","node":"agentgateway~1.1.1.1~gw-84ff7d7796-5svhj.default~default.svc.cluster.local","resources":2,"removed":0,"size":"366B"}
{"time":"2025-11-19T17:48:27.984796259Z","level":"debug","msg":"ADS: REQ resources","component":"krtxds","type":"type.googleapis.com/agentgateway.dev.workload.Address","connection":"agentgateway~1.1.1.1~gw-84ff7d7796-5svhj.default~default.svc.cluster.local-2","subscribe":0,"unsubscribe":0,"nonce":"2025-11-19T17:48:27Z/9117f661f-537f-4b32-a807-136b0cdf7580"}
{"time":"2025-11-19T17:48:27.984813134Z","level":"debug","msg":"ADS: REQUEST","component":"krtxds","type":"type.googleapis.com/agentgateway.dev.workload.Address","connection":"agentgateway~1.1.1.1~gw-84ff7d7796-5svhj.default~default.svc.cluster.local-2","subscribe":null,"unsubscribe":null,"initial":null}
{"time":"2025-11-19T17:48:27.984827676Z","level":"debug","msg":"ADS: ACK","component":"krtxds","type":"type.googleapis.com/agentgateway.dev.workload.Address","connection":"agentgateway~1.1.1.1~gw-84ff7d7796-5svhj.default~default.svc.cluster.local-2","nonce":"2025-11-19T17:48:27Z/9117f661f-537f-4b32-a807-136b0cdf7580"}
{"time":"2025-11-19T17:48:27.984831092Z","level":"debug","msg":"no response needed","component":"krtxds"}
{"time":"2025-11-19T17:48:27.98479555Z","level":"debug","msg":"ADS: REQ resources","component":"krtxds","type":"type.googleapis.com/agentgateway.dev.workload.Address","connection":"agentgateway~1.1.1.1~gw-84ff7d7796-mmpd8.extproc-debug~extproc-debug.svc.cluster.local-1","subscribe":0,"unsubscribe":0,"nonce":"2025-11-19T17:48:27Z/924c3f057-858e-42ba-84e2-9ccbc85ece4e"}
{"time":"2025-11-19T17:48:27.984898843Z","level":"debug","msg":"ADS: REQUEST","component":"krtxds","type":"type.googleapis.com/agentgateway.dev.workload.Address","connection":"agentgateway~1.1.1.1~gw-84ff7d7796-mmpd8.extproc-debug~extproc-debug.svc.cluster.local-1","subscribe":null,"unsubscribe":null,"initial":null}
{"time":"2025-11-19T17:48:27.984908385Z","level":"debug","msg":"ADS: ACK","component":"krtxds","type":"type.googleapis.com/agentgateway.dev.workload.Address","connection":"agentgateway~1.1.1.1~gw-84ff7d7796-mmpd8.extproc-debug~extproc-debug.svc.cluster.local-1","nonce":"2025-11-19T17:48:27Z/924c3f057-858e-42ba-84e2-9ccbc85ece4e"}
{"time":"2025-11-19T17:48:27.984911801Z","level":"debug","msg":"no response needed","component":"krtxds"}
{"time":"2025-11-19T17:48:28.884258235Z","level":"debug","msg":"building endpoints","component":"krtcollections","kubesvc":{"Namespace":"default","Name":"gw"}}
{"time":"2025-11-19T17:48:28.884513821Z","level":"debug","msg":"created endpoint","component":"krtcollections","kubesvc":{"Namespace":"default","Name":"gw"},"total_endpoints":1}
{"time":"2025-11-19T17:48:28.89832938Z","level":"debug","msg":"building endpoints","component":"krtcollections","kubesvc":{"Namespace":"extproc-debug","Name":"gw"}}
{"time":"2025-11-19T17:48:28.898578925Z","level":"debug","msg":"created endpoint","component":"krtcollections","kubesvc":{"Namespace":"extproc-debug","Name":"gw"},"total_endpoints":1}
{"time":"2025-11-19T17:48:28.992286848Z","level":"info","msg":"push debounce stable","component":"krtxds","id":10,"debouncedEvents":2,"lastChange":"100.357159ms","lastPush":"113.750131ms","cause":"//Pod/default/gw-84ff7d7796-5svhj and 1 more configs"}
{"time":"2025-11-19T17:48:28.992374558Z","level":"info","msg":"XDS: Pushing","component":"krtxds","clients":2,"version":"2025-11-19T17:48:28Z/10"}
{"time":"2025-11-19T17:48:28.992475475Z","level":"info","msg":"push response","component":"krtxds","type":"type.googleapis.com/agentgateway.dev.workload.Address","reason":"","node":"agentgateway~1.1.1.1~gw-84ff7d7796-mmpd8.extproc-debug~extproc-debug.svc.cluster.local","resources":2,"removed":0,"size":"360B"}
{"time":"2025-11-19T17:48:28.992560351Z","level":"info","msg":"push response","component":"krtxds","type":"type.googleapis.com/agentgateway.dev.workload.Address","reason":"","node":"agentgateway~1.1.1.1~gw-84ff7d7796-5svhj.default~default.svc.cluster.local","resources":2,"removed":0,"size":"360B"}
{"time":"2025-11-19T17:48:28.993442735Z","level":"debug","msg":"ADS: REQ resources","component":"krtxds","type":"type.googleapis.com/agentgateway.dev.workload.Address","connection":"agentgateway~1.1.1.1~gw-84ff7d7796-5svhj.default~default.svc.cluster.local-2","subscribe":0,"unsubscribe":0,"nonce":"2025-11-19T17:48:28Z/104e353ab3-58a5-4f37-96ed-63dc467d93f0"}
{"time":"2025-11-19T17:48:28.993455736Z","level":"debug","msg":"ADS: REQUEST","component":"krtxds","type":"type.googleapis.com/agentgateway.dev.workload.Address","connection":"agentgateway~1.1.1.1~gw-84ff7d7796-5svhj.default~default.svc.cluster.local-2","subscribe":null,"unsubscribe":null,"initial":null}
{"time":"2025-11-19T17:48:28.993468069Z","level":"debug","msg":"ADS: ACK","component":"krtxds","type":"type.googleapis.com/agentgateway.dev.workload.Address","connection":"agentgateway~1.1.1.1~gw-84ff7d7796-5svhj.default~default.svc.cluster.local-2","nonce":"2025-11-19T17:48:28Z/104e353ab3-58a5-4f37-96ed-63dc467d93f0"}
{"time":"2025-11-19T17:48:28.993470944Z","level":"debug","msg":"no response needed","component":"krtxds"}
{"time":"2025-11-19T17:48:28.993839656Z","level":"debug","msg":"ADS: REQ resources","component":"krtxds","type":"type.googleapis.com/agentgateway.dev.workload.Address","connection":"agentgateway~1.1.1.1~gw-84ff7d7796-mmpd8.extproc-debug~extproc-debug.svc.cluster.local-1","subscribe":0,"unsubscribe":0,"nonce":"2025-11-19T17:48:28Z/102a82dc47-1a0c-4afa-9bc4-296856f468a4"}
{"time":"2025-11-19T17:48:28.993902407Z","level":"debug","msg":"ADS: REQUEST","component":"krtxds","type":"type.googleapis.com/agentgateway.dev.workload.Address","connection":"agentgateway~1.1.1.1~gw-84ff7d7796-mmpd8.extproc-debug~extproc-debug.svc.cluster.local-1","subscribe":null,"unsubscribe":null,"initial":null}
{"time":"2025-11-19T17:48:28.993915574Z","level":"debug","msg":"ADS: ACK","component":"krtxds","type":"type.googleapis.com/agentgateway.dev.workload.Address","connection":"agentgateway~1.1.1.1~gw-84ff7d7796-mmpd8.extproc-debug~extproc-debug.svc.cluster.local-1","nonce":"2025-11-19T17:48:28Z/102a82dc47-1a0c-4afa-9bc4-296856f468a4"}
{"time":"2025-11-19T17:48:28.993918699Z","level":"debug","msg":"no response needed","component":"krtxds"}
{"time":"2025-11-19T17:48:30.696310118Z","level":"debug","msg":"translating route","component":"agentgateway/translator","route_name":"route-1","resource_version":"1980621"}
{"level":"info","time":"2025-11-19T17:48:30.698592Z","msg":"sync complete","name":"informer/Services handler","attempt":2,"time":"2.091022ms"}
{"time":"2025-11-19T17:48:30.698857685Z","level":"debug","msg":"building status","component":"default","type":"","name":"route-1","namespace":"default"}
{"time":"2025-11-19T17:48:30.698898894Z","level":"debug","msg":"translating route","component":"agentgateway/translator","route_name":"route-1","resource_version":"1980621"}
{"time":"2025-11-19T17:48:30.698922978Z","level":"debug","msg":"building status","component":"default","type":"","name":"route-1","namespace":"default"}
{"time":"2025-11-19T17:48:30.706070634Z","level":"debug","msg":"translating Gateway","component":"agentgateway/translator","gw_name":"gw","resource_version":"1980622"}
{"time":"2025-11-19T17:48:30.706572181Z","level":"debug","msg":"updated status","component":"agentgateway/syncer","kind":"gateway","resource":"default/gw"}
{"time":"2025-11-19T17:48:30.706587264Z","level":"debug","msg":"updated policy status","component":"agentgateway/syncer","kind":"gateway","resource":"default/gw"}
{"time":"2025-11-19T17:48:30.707578108Z","level":"debug","msg":"translating route","component":"agentgateway/translator","route_name":"route-1","resource_version":"1980623"}
{"time":"2025-11-19T17:48:30.707618442Z","level":"debug","msg":"building status","component":"default","type":"","name":"route-1","namespace":"default"}
{"time":"2025-11-19T17:48:30.707674151Z","level":"debug","msg":"updated status","component":"agentgateway/syncer","kind":"httpRoute","resource":"default/route-1"}
{"time":"2025-11-19T17:48:30.707680192Z","level":"debug","msg":"updated policy status","component":"agentgateway/syncer","kind":"httpRoute","resource":"default/route-1"}
{"time":"2025-11-19T17:48:30.712978122Z","level":"debug","msg":"translating route","component":"agentgateway/translator","route_name":"route-2","resource_version":"1980624"}
{"time":"2025-11-19T17:48:30.71303433Z","level":"debug","msg":"building status","component":"default","type":"","name":"route-2","namespace":"default"}
{"time":"2025-11-19T17:48:30.72126204Z","level":"debug","msg":"translating Gateway","component":"agentgateway/translator","gw_name":"gw","resource_version":"1980625"}
{"time":"2025-11-19T17:48:30.722111757Z","level":"debug","msg":"updated status","component":"agentgateway/syncer","kind":"gateway","resource":"default/gw"}
{"time":"2025-11-19T17:48:30.722118548Z","level":"debug","msg":"updated policy status","component":"agentgateway/syncer","kind":"gateway","resource":"default/gw"}
{"time":"2025-11-19T17:48:30.7222638Z","level":"debug","msg":"translating route","component":"agentgateway/translator","route_name":"route-2","resource_version":"1980626"}
{"time":"2025-11-19T17:48:30.72229705Z","level":"debug","msg":"building status","component":"default","type":"","name":"route-2","namespace":"default"}
{"time":"2025-11-19T17:48:30.722394385Z","level":"debug","msg":"updated status","component":"agentgateway/syncer","kind":"httpRoute","resource":"default/route-2"}
{"time":"2025-11-19T17:48:30.722431843Z","level":"debug","msg":"updated policy status","component":"agentgateway/syncer","kind":"httpRoute","resource":"default/route-2"}
{"time":"2025-11-19T17:48:30.814148824Z","level":"info","msg":"push debounce stable","component":"krtxds","id":11,"debouncedEvents":2,"lastChange":"101.014742ms","lastPush":"115.150262ms","cause":"route/default/route-2.0.0.http and 1 more configs"}
{"time":"2025-11-19T17:48:30.814207699Z","level":"info","msg":"XDS: Pushing","component":"krtxds","clients":2,"version":"2025-11-19T17:48:30Z/11"}
{"time":"2025-11-19T17:48:30.814293617Z","level":"info","msg":"push response","component":"krtxds","type":"type.googleapis.com/agentgateway.dev.resource.Resource","reason":"","node":"agentgateway~1.1.1.1~gw-84ff7d7796-5svhj.default~default.svc.cluster.local","resources":2,"removed":0,"size":"283B"}
{"time":"2025-11-19T17:48:30.814316367Z","level":"debug","msg":"ADS: REMOVE","component":"krtxds","type":"type.googleapis.com/agentgateway.dev.resource.Resource","node":"agentgateway~1.1.1.1~gw-84ff7d7796-mmpd8.extproc-debug~extproc-debug.svc.cluster.local-1","removed":["route/default/route-1.0.0.http","route/default/route-2.0.0.http"]}
{"time":"2025-11-19T17:48:30.814332284Z","level":"info","msg":"push response","component":"krtxds","type":"type.googleapis.com/agentgateway.dev.resource.Resource","reason":"","node":"agentgateway~1.1.1.1~gw-84ff7d7796-mmpd8.extproc-debug~extproc-debug.svc.cluster.local","resources":0,"removed":2,"size":"0B"}
{"time":"2025-11-19T17:48:30.814708455Z","level":"debug","msg":"ADS: REQ resources","component":"krtxds","type":"type.googleapis.com/agentgateway.dev.resource.Resource","connection":"agentgateway~1.1.1.1~gw-84ff7d7796-mmpd8.extproc-debug~extproc-debug.svc.cluster.local-1","subscribe":0,"unsubscribe":0,"nonce":"2025-11-19T17:48:30Z/11502f3d0d-7ba9-4e31-95be-493b4e4ef905"}
{"time":"2025-11-19T17:48:30.814929874Z","level":"debug","msg":"ADS: REQUEST","component":"krtxds","type":"type.googleapis.com/agentgateway.dev.resource.Resource","connection":"agentgateway~1.1.1.1~gw-84ff7d7796-mmpd8.extproc-debug~extproc-debug.svc.cluster.local-1","subscribe":null,"unsubscribe":null,"initial":null}
{"time":"2025-11-19T17:48:30.814952415Z","level":"debug","msg":"ADS: ACK","component":"krtxds","type":"type.googleapis.com/agentgateway.dev.resource.Resource","connection":"agentgateway~1.1.1.1~gw-84ff7d7796-mmpd8.extproc-debug~extproc-debug.svc.cluster.local-1","nonce":"2025-11-19T17:48:30Z/11502f3d0d-7ba9-4e31-95be-493b4e4ef905"}
{"time":"2025-11-19T17:48:30.814956374Z","level":"debug","msg":"no response needed","component":"krtxds"}
{"time":"2025-11-19T17:48:30.815309336Z","level":"debug","msg":"ADS: REQ resources","component":"krtxds","type":"type.googleapis.com/agentgateway.dev.resource.Resource","connection":"agentgateway~1.1.1.1~gw-84ff7d7796-5svhj.default~default.svc.cluster.local-2","subscribe":0,"unsubscribe":0,"nonce":"2025-11-19T17:48:30Z/11c808be68-ed55-45c6-9a37-e3f3927dae7d"}
{"time":"2025-11-19T17:48:30.815397795Z","level":"debug","msg":"ADS: REQUEST","component":"krtxds","type":"type.googleapis.com/agentgateway.dev.resource.Resource","connection":"agentgateway~1.1.1.1~gw-84ff7d7796-5svhj.default~default.svc.cluster.local-2","subscribe":null,"unsubscribe":null,"initial":null}
{"time":"2025-11-19T17:48:30.815453462Z","level":"debug","msg":"ADS: ACK","component":"krtxds","type":"type.googleapis.com/agentgateway.dev.resource.Resource","connection":"agentgateway~1.1.1.1~gw-84ff7d7796-5svhj.default~default.svc.cluster.local-2","nonce":"2025-11-19T17:48:30Z/11c808be68-ed55-45c6-9a37-e3f3927dae7d"}
{"time":"2025-11-19T17:48:30.815461254Z","level":"debug","msg":"no response needed","component":"krtxds"}
{"time":"2025-11-19T17:51:31.022239217Z","level":"debug","msg":"translating Gateway","component":"agentgateway/translator","gw_name":"gw","resource_version":"1981088"}
{"time":"2025-11-19T17:51:31.02242176Z","level":"debug","msg":"updated status","component":"agentgateway/syncer","kind":"gateway","resource":"default/gw"}
{"time":"2025-11-19T17:51:31.02243551Z","level":"debug","msg":"updated policy status","component":"agentgateway/syncer","kind":"gateway","resource":"default/gw"}
{"time":"2025-11-19T17:51:31.032862605Z","level":"debug","msg":"updated status","component":"agentgateway/syncer","kind":"gateway","resource":"default/gw"}
{"time":"2025-11-19T17:51:31.033349524Z","level":"debug","msg":"updated policy status","component":"agentgateway/syncer","kind":"gateway","resource":"default/gw"}
{"time":"2025-11-19T17:51:31.033145065Z","level":"debug","msg":"translating Gateway","component":"agentgateway/translator","gw_name":"gw","resource_version":"1981090"}
{"time":"2025-11-19T17:51:31.225578173Z","level":"info","msg":"push debounce stable","component":"krtxds","id":12,"debouncedEvents":4,"lastChange":"100.943975ms","lastPush":"209.052027ms","cause":"route/default/route-1.0.0.http//Pod/curl/curl and 2 more configs"}
{"time":"2025-11-19T17:51:31.225614715Z","level":"info","msg":"XDS: Pushing","component":"krtxds","clients":2,"version":"2025-11-19T17:51:31Z/12"}
{"time":"2025-11-19T17:51:31.225643924Z","level":"debug","msg":"ADS: REMOVE","component":"krtxds","type":"type.googleapis.com/agentgateway.dev.workload.Address","node":"agentgateway~1.1.1.1~gw-84ff7d7796-5svhj.default~default.svc.cluster.local-2","removed":["//Pod/curl/curl"]}
{"time":"2025-11-19T17:51:31.22566909Z","level":"info","msg":"push response","component":"krtxds","type":"type.googleapis.com/agentgateway.dev.workload.Address","reason":"","node":"agentgateway~1.1.1.1~gw-84ff7d7796-5svhj.default~default.svc.cluster.local","resources":0,"removed":1,"size":"0B"}
{"time":"2025-11-19T17:51:31.22567434Z","level":"debug","msg":"ADS: REMOVE","component":"krtxds","type":"type.googleapis.com/agentgateway.dev.resource.Resource","node":"agentgateway~1.1.1.1~gw-84ff7d7796-5svhj.default~default.svc.cluster.local-2","removed":["route/default/route-1.0.0.http","route/default/route-2.0.0.http"]}
{"time":"2025-11-19T17:51:31.225679007Z","level":"info","msg":"push response","component":"krtxds","type":"type.googleapis.com/agentgateway.dev.resource.Resource","reason":"","node":"agentgateway~1.1.1.1~gw-84ff7d7796-5svhj.default~default.svc.cluster.local","resources":0,"removed":2,"size":"0B"}
{"time":"2025-11-19T17:51:31.225691049Z","level":"debug","msg":"ADS: REMOVE","component":"krtxds","type":"type.googleapis.com/agentgateway.dev.workload.Address","node":"agentgateway~1.1.1.1~gw-84ff7d7796-mmpd8.extproc-debug~extproc-debug.svc.cluster.local-1","removed":["//Pod/curl/curl"]}
{"time":"2025-11-19T17:51:31.22569484Z","level":"info","msg":"push response","component":"krtxds","type":"type.googleapis.com/agentgateway.dev.workload.Address","reason":"","node":"agentgateway~1.1.1.1~gw-84ff7d7796-mmpd8.extproc-debug~extproc-debug.svc.cluster.local","resources":0,"removed":1,"size":"0B"}
{"time":"2025-11-19T17:51:31.225699174Z","level":"debug","msg":"ADS: REMOVE","component":"krtxds","type":"type.googleapis.com/agentgateway.dev.resource.Resource","node":"agentgateway~1.1.1.1~gw-84ff7d7796-mmpd8.extproc-debug~extproc-debug.svc.cluster.local-1","removed":["route/default/route-1.0.0.http","route/default/route-2.0.0.http"]}
{"time":"2025-11-19T17:51:31.225702091Z","level":"info","msg":"push response","component":"krtxds","type":"type.googleapis.com/agentgateway.dev.resource.Resource","reason":"","node":"agentgateway~1.1.1.1~gw-84ff7d7796-mmpd8.extproc-debug~extproc-debug.svc.cluster.local","resources":0,"removed":2,"size":"0B"}
{"time":"2025-11-19T17:51:31.226377469Z","level":"debug","msg":"ADS: REQ resources","component":"krtxds","type":"type.googleapis.com/agentgateway.dev.workload.Address","connection":"agentgateway~1.1.1.1~gw-84ff7d7796-5svhj.default~default.svc.cluster.local-2","subscribe":0,"unsubscribe":0,"nonce":"2025-11-19T17:51:31Z/12c43083f9-723d-4814-a12f-fc4ac103ee7d"}
{"time":"2025-11-19T17:51:31.226402261Z","level":"debug","msg":"ADS: REQUEST","component":"krtxds","type":"type.googleapis.com/agentgateway.dev.workload.Address","connection":"agentgateway~1.1.1.1~gw-84ff7d7796-5svhj.default~default.svc.cluster.local-2","subscribe":null,"unsubscribe":null,"initial":null}
{"time":"2025-11-19T17:51:31.226414678Z","level":"debug","msg":"ADS: ACK","component":"krtxds","type":"type.googleapis.com/agentgateway.dev.workload.Address","connection":"agentgateway~1.1.1.1~gw-84ff7d7796-5svhj.default~default.svc.cluster.local-2","nonce":"2025-11-19T17:51:31Z/12c43083f9-723d-4814-a12f-fc4ac103ee7d"}
{"time":"2025-11-19T17:51:31.226421636Z","level":"debug","msg":"no response needed","component":"krtxds"}
{"time":"2025-11-19T17:51:31.226436719Z","level":"debug","msg":"ADS: REQ resources","component":"krtxds","type":"type.googleapis.com/agentgateway.dev.resource.Resource","connection":"agentgateway~1.1.1.1~gw-84ff7d7796-5svhj.default~default.svc.cluster.local-2","subscribe":0,"unsubscribe":0,"nonce":"2025-11-19T17:51:31Z/127c19c16e-c5e1-482e-8933-33c571061010"}
{"time":"2025-11-19T17:51:31.226444261Z","level":"debug","msg":"ADS: REQUEST","component":"krtxds","type":"type.googleapis.com/agentgateway.dev.resource.Resource","connection":"agentgateway~1.1.1.1~gw-84ff7d7796-5svhj.default~default.svc.cluster.local-2","subscribe":null,"unsubscribe":null,"initial":null}
{"time":"2025-11-19T17:51:31.226447219Z","level":"debug","msg":"ADS: ACK","component":"krtxds","type":"type.googleapis.com/agentgateway.dev.resource.Resource","connection":"agentgateway~1.1.1.1~gw-84ff7d7796-5svhj.default~default.svc.cluster.local-2","nonce":"2025-11-19T17:51:31Z/127c19c16e-c5e1-482e-8933-33c571061010"}
{"time":"2025-11-19T17:51:31.226448636Z","level":"debug","msg":"no response needed","component":"krtxds"}
{"time":"2025-11-19T17:51:31.226459053Z","level":"debug","msg":"ADS: REQ resources","component":"krtxds","type":"type.googleapis.com/agentgateway.dev.workload.Address","connection":"agentgateway~1.1.1.1~gw-84ff7d7796-mmpd8.extproc-debug~extproc-debug.svc.cluster.local-1","subscribe":0,"unsubscribe":0,"nonce":"2025-11-19T17:51:31Z/129fc17396-fdbc-4ebe-9131-a38da57ae4ba"}
{"time":"2025-11-19T17:51:31.226461428Z","level":"debug","msg":"ADS: REQUEST","component":"krtxds","type":"type.googleapis.com/agentgateway.dev.workload.Address","connection":"agentgateway~1.1.1.1~gw-84ff7d7796-mmpd8.extproc-debug~extproc-debug.svc.cluster.local-1","subscribe":null,"unsubscribe":null,"initial":null}
{"time":"2025-11-19T17:51:31.226464678Z","level":"debug","msg":"ADS: ACK","component":"krtxds","type":"type.googleapis.com/agentgateway.dev.workload.Address","connection":"agentgateway~1.1.1.1~gw-84ff7d7796-mmpd8.extproc-debug~extproc-debug.svc.cluster.local-1","nonce":"2025-11-19T17:51:31Z/129fc17396-fdbc-4ebe-9131-a38da57ae4ba"}
{"time":"2025-11-19T17:51:31.226465928Z","level":"debug","msg":"no response needed","component":"krtxds"}
{"time":"2025-11-19T17:51:31.226466969Z","level":"debug","msg":"ADS: REQ resources","component":"krtxds","type":"type.googleapis.com/agentgateway.dev.resource.Resource","connection":"agentgateway~1.1.1.1~gw-84ff7d7796-mmpd8.extproc-debug~extproc-debug.svc.cluster.local-1","subscribe":0,"unsubscribe":0,"nonce":"2025-11-19T17:51:31Z/12a5320212-af64-4486-9926-2ef777c0c080"}
{"time":"2025-11-19T17:51:31.226468678Z","level":"debug","msg":"ADS: REQUEST","component":"krtxds","type":"type.googleapis.com/agentgateway.dev.resource.Resource","connection":"agentgateway~1.1.1.1~gw-84ff7d7796-mmpd8.extproc-debug~extproc-debug.svc.cluster.local-1","subscribe":null,"unsubscribe":null,"initial":null}
{"time":"2025-11-19T17:51:31.226472928Z","level":"debug","msg":"ADS: ACK","component":"krtxds","type":"type.googleapis.com/agentgateway.dev.resource.Resource","connection":"agentgateway~1.1.1.1~gw-84ff7d7796-mmpd8.extproc-debug~extproc-debug.svc.cluster.local-1","nonce":"2025-11-19T17:51:31Z/12a5320212-af64-4486-9926-2ef777c0c080"}
{"time":"2025-11-19T17:51:31.226474636Z","level":"debug","msg":"no response needed","component":"krtxds"}
{"time":"2025-11-19T17:51:36.52485805Z","level":"debug+3","source":{"function":"github.com/kgateway-dev/kgateway/v2/internal/kgateway/controller.(*gatewayReconciler).Reconcile","file":"/Users/sibasishbehera/programming/kgateway/internal/kgateway/controller/gw_controller.go","line":60},"msg":"reconciling request","component":"controller-runtime","controller":"gateway","controllerGroup":"gateway.networking.k8s.io","controllerKind":"Gateway","Gateway":{"name":"gw","namespace":"default"},"namespace":"default","name":"gw","reconcileID":"f7b370a1-b081-4297-be3a-4253963fec12","gw":{"Namespace":"default","Name":"gw"},"req":{"Namespace":"default","Name":"gw"}}
{"time":"2025-11-19T17:51:36.525212635Z","level":"debug+3","source":{"function":"github.com/kgateway-dev/kgateway/v2/internal/kgateway/controller.(*gatewayReconciler).Reconcile","file":"/Users/sibasishbehera/programming/kgateway/internal/kgateway/controller/gw_controller.go","line":60},"msg":"reconciling request","component":"controller-runtime","controller":"gateway","controllerGroup":"gateway.networking.k8s.io","controllerKind":"Gateway","Gateway":{"name":"gw","namespace":"default"},"namespace":"default","name":"gw","reconcileID":"442f7387-e1b8-4868-b3cc-42e10deee936","gw":{"Namespace":"default","Name":"gw"},"req":{"Namespace":"default","Name":"gw"}}
{"time":"2025-11-19T17:51:36.534021096Z","level":"debug+3","source":{"function":"github.com/kgateway-dev/kgateway/v2/internal/kgateway/controller.(*gatewayReconciler).Reconcile","file":"/Users/sibasishbehera/programming/kgateway/internal/kgateway/controller/gw_controller.go","line":60},"msg":"reconciling request","component":"controller-runtime","controller":"gateway","controllerGroup":"gateway.networking.k8s.io","controllerKind":"Gateway","Gateway":{"name":"gw","namespace":"default"},"namespace":"default","name":"gw","reconcileID":"261ab7b4-e78c-468a-9a5f-3509e1195e23","gw":{"Namespace":"default","Name":"gw"},"req":{"Namespace":"default","Name":"gw"}}
{"time":"2025-11-19T17:51:36.534256097Z","level":"debug+3","source":{"function":"github.com/kgateway-dev/kgateway/v2/internal/kgateway/controller.(*gatewayReconciler).Reconcile","file":"/Users/sibasishbehera/programming/kgateway/internal/kgateway/controller/gw_controller.go","line":60},"msg":"reconciling request","component":"controller-runtime","controller":"gateway","controllerGroup":"gateway.networking.k8s.io","controllerKind":"Gateway","Gateway":{"name":"gw","namespace":"default"},"namespace":"default","name":"gw","reconcileID":"42a043b0-2186-477b-a40d-e0fad7fa197d","gw":{"Namespace":"default","Name":"gw"},"req":{"Namespace":"default","Name":"gw"}}
{"time":"2025-11-19T17:51:36.534997476Z","level":"debug+3","source":{"function":"github.com/kgateway-dev/kgateway/v2/internal/kgateway/controller.(*gatewayReconciler).Reconcile","file":"/Users/sibasishbehera/programming/kgateway/internal/kgateway/controller/gw_controller.go","line":60},"msg":"reconciling request","component":"controller-runtime","controller":"gateway","controllerGroup":"gateway.networking.k8s.io","controllerKind":"Gateway","Gateway":{"name":"gw","namespace":"default"},"namespace":"default","name":"gw","reconcileID":"5a5a1eee-7712-42a0-884b-7be77087a876","gw":{"Namespace":"default","Name":"gw"},"req":{"Namespace":"default","Name":"gw"}}
{"time":"2025-11-19T17:51:36.53928908Z","level":"debug+3","source":{"function":"github.com/kgateway-dev/kgateway/v2/internal/kgateway/controller.(*gatewayReconciler).Reconcile","file":"/Users/sibasishbehera/programming/kgateway/internal/kgateway/controller/gw_controller.go","line":60},"msg":"reconciling request","component":"controller-runtime","controller":"gateway","controllerGroup":"gateway.networking.k8s.io","controllerKind":"Gateway","Gateway":{"name":"gw","namespace":"default"},"namespace":"default","name":"gw","reconcileID":"4f1c12f2-d02a-44ee-9a8d-837f87de11f6","gw":{"Namespace":"default","Name":"gw"},"req":{"Namespace":"default","Name":"gw"}}
{"time":"2025-11-19T17:51:36.826762891Z","level":"info","msg":"push debounce stable","component":"krtxds","id":13,"debouncedEvents":12,"lastChange":"100.93442ms","lastPush":"301.338339ms","cause":"bind/8080/default/gwdefault/gw.default.svc.cluster.local and 7 more configs"}
{"time":"2025-11-19T17:51:36.826816558Z","level":"info","msg":"XDS: Pushing","component":"krtxds","clients":2,"version":"2025-11-19T17:51:36Z/13"}
{"time":"2025-11-19T17:51:36.826892058Z","level":"debug","msg":"ADS: REMOVE","component":"krtxds","type":"type.googleapis.com/agentgateway.dev.workload.Address","node":"agentgateway~1.1.1.1~gw-84ff7d7796-5svhj.default~default.svc.cluster.local-2","removed":["default/backend.default.svc.cluster.local","default/ext-proc-grpc.default.svc.cluster.local","default/gw.default.svc.cluster.local","//Pod/default/backend-0-756dd7d576-hjwfz"]}
{"time":"2025-11-19T17:51:36.826948559Z","level":"debug","msg":"ADS: REMOVE","component":"krtxds","type":"type.googleapis.com/agentgateway.dev.workload.Address","node":"agentgateway~1.1.1.1~gw-84ff7d7796-mmpd8.extproc-debug~extproc-debug.svc.cluster.local-1","removed":["default/backend.default.svc.cluster.local","default/ext-proc-grpc.default.svc.cluster.local","default/gw.default.svc.cluster.local","//Pod/default/backend-0-756dd7d576-hjwfz"]}
{"time":"2025-11-19T17:51:36.82695935Z","level":"info","msg":"push response","component":"krtxds","type":"type.googleapis.com/agentgateway.dev.workload.Address","reason":"","node":"agentgateway~1.1.1.1~gw-84ff7d7796-5svhj.default~default.svc.cluster.local","resources":2,"removed":4,"size":"288B"}
{"time":"2025-11-19T17:51:36.826977017Z","level":"debug","msg":"ADS: REMOVE","component":"krtxds","type":"type.googleapis.com/agentgateway.dev.resource.Resource","node":"agentgateway~1.1.1.1~gw-84ff7d7796-5svhj.default~default.svc.cluster.local-2","removed":["bind/8080/default/gw","listener/default/gw.http"]}
{"time":"2025-11-19T17:51:36.826984017Z","level":"info","msg":"push response","component":"krtxds","type":"type.googleapis.com/agentgateway.dev.resource.Resource","reason":"","node":"agentgateway~1.1.1.1~gw-84ff7d7796-5svhj.default~default.svc.cluster.local","resources":0,"removed":2,"size":"0B"}
{"time":"2025-11-19T17:51:36.826984392Z","level":"info","msg":"push response","component":"krtxds","type":"type.googleapis.com/agentgateway.dev.workload.Address","reason":"","node":"agentgateway~1.1.1.1~gw-84ff7d7796-mmpd8.extproc-debug~extproc-debug.svc.cluster.local","resources":2,"removed":4,"size":"288B"}
{"time":"2025-11-19T17:51:36.826996392Z","level":"debug","msg":"ADS: REMOVE","component":"krtxds","type":"type.googleapis.com/agentgateway.dev.resource.Resource","node":"agentgateway~1.1.1.1~gw-84ff7d7796-mmpd8.extproc-debug~extproc-debug.svc.cluster.local-1","removed":["bind/8080/default/gw","listener/default/gw.http"]}
{"time":"2025-11-19T17:51:36.827007892Z","level":"info","msg":"push response","component":"krtxds","type":"type.googleapis.com/agentgateway.dev.resource.Resource","reason":"","node":"agentgateway~1.1.1.1~gw-84ff7d7796-mmpd8.extproc-debug~extproc-debug.svc.cluster.local","resources":0,"removed":2,"size":"0B"}
{"time":"2025-11-19T17:51:36.827542312Z","level":"debug","msg":"ADS: REQ resources","component":"krtxds","type":"type.googleapis.com/agentgateway.dev.workload.Address","connection":"agentgateway~1.1.1.1~gw-84ff7d7796-5svhj.default~default.svc.cluster.local-2","subscribe":0,"unsubscribe":0,"nonce":"2025-11-19T17:51:36Z/132a0652c9-d946-4760-b394-dbd5b5d0f337"}
{"time":"2025-11-19T17:51:36.827553853Z","level":"debug","msg":"ADS: REQUEST","component":"krtxds","type":"type.googleapis.com/agentgateway.dev.workload.Address","connection":"agentgateway~1.1.1.1~gw-84ff7d7796-5svhj.default~default.svc.cluster.local-2","subscribe":null,"unsubscribe":null,"initial":null}
{"time":"2025-11-19T17:51:36.82756627Z","level":"debug","msg":"ADS: ACK","component":"krtxds","type":"type.googleapis.com/agentgateway.dev.workload.Address","connection":"agentgateway~1.1.1.1~gw-84ff7d7796-5svhj.default~default.svc.cluster.local-2","nonce":"2025-11-19T17:51:36Z/132a0652c9-d946-4760-b394-dbd5b5d0f337"}
{"time":"2025-11-19T17:51:36.82756977Z","level":"debug","msg":"no response needed","component":"krtxds"}
{"time":"2025-11-19T17:51:36.827572645Z","level":"debug","msg":"ADS: REQ resources","component":"krtxds","type":"type.googleapis.com/agentgateway.dev.resource.Resource","connection":"agentgateway~1.1.1.1~gw-84ff7d7796-5svhj.default~default.svc.cluster.local-2","subscribe":0,"unsubscribe":0,"nonce":"2025-11-19T17:51:36Z/13eda3b9fd-fb26-4244-9444-8c9fb481caaa"}
{"time":"2025-11-19T17:51:36.827576062Z","level":"debug","msg":"ADS: REQUEST","component":"krtxds","type":"type.googleapis.com/agentgateway.dev.resource.Resource","connection":"agentgateway~1.1.1.1~gw-84ff7d7796-5svhj.default~default.svc.cluster.local-2","subscribe":null,"unsubscribe":null,"initial":null}
{"time":"2025-11-19T17:51:36.827651604Z","level":"debug","msg":"ADS: ACK","component":"krtxds","type":"type.googleapis.com/agentgateway.dev.resource.Resource","connection":"agentgateway~1.1.1.1~gw-84ff7d7796-5svhj.default~default.svc.cluster.local-2","nonce":"2025-11-19T17:51:36Z/13eda3b9fd-fb26-4244-9444-8c9fb481caaa"}
{"time":"2025-11-19T17:51:36.827656604Z","level":"debug","msg":"no response needed","component":"krtxds"}
{"time":"2025-11-19T17:51:36.82753527Z","level":"debug","msg":"ADS: REQ resources","component":"krtxds","type":"type.googleapis.com/agentgateway.dev.workload.Address","connection":"agentgateway~1.1.1.1~gw-84ff7d7796-mmpd8.extproc-debug~extproc-debug.svc.cluster.local-1","subscribe":0,"unsubscribe":0,"nonce":"2025-11-19T17:51:36Z/13f1ba7ccb-1aad-41d8-8e40-f22c193a0f39"}
{"time":"2025-11-19T17:51:36.827661687Z","level":"debug","msg":"ADS: REQUEST","component":"krtxds","type":"type.googleapis.com/agentgateway.dev.workload.Address","connection":"agentgateway~1.1.1.1~gw-84ff7d7796-mmpd8.extproc-debug~extproc-debug.svc.cluster.local-1","subscribe":null,"unsubscribe":null,"initial":null}
{"time":"2025-11-19T17:51:36.827732563Z","level":"debug","msg":"ADS: ACK","component":"krtxds","type":"type.googleapis.com/agentgateway.dev.workload.Address","connection":"agentgateway~1.1.1.1~gw-84ff7d7796-mmpd8.extproc-debug~extproc-debug.svc.cluster.local-1","nonce":"2025-11-19T17:51:36Z/13f1ba7ccb-1aad-41d8-8e40-f22c193a0f39"}
{"time":"2025-11-19T17:51:36.827737021Z","level":"debug","msg":"no response needed","component":"krtxds"}
{"time":"2025-11-19T17:51:36.827739688Z","level":"debug","msg":"ADS: REQ resources","component":"krtxds","type":"type.googleapis.com/agentgateway.dev.resource.Resource","connection":"agentgateway~1.1.1.1~gw-84ff7d7796-mmpd8.extproc-debug~extproc-debug.svc.cluster.local-1","subscribe":0,"unsubscribe":0,"nonce":"2025-11-19T17:51:36Z/13d6b263b8-ba7c-457e-aa04-0d33f415200e"}
{"time":"2025-11-19T17:51:36.827743063Z","level":"debug","msg":"ADS: REQUEST","component":"krtxds","type":"type.googleapis.com/agentgateway.dev.resource.Resource","connection":"agentgateway~1.1.1.1~gw-84ff7d7796-mmpd8.extproc-debug~extproc-debug.svc.cluster.local-1","subscribe":null,"unsubscribe":null,"initial":null}
{"time":"2025-11-19T17:51:36.827747813Z","level":"debug","msg":"ADS: ACK","component":"krtxds","type":"type.googleapis.com/agentgateway.dev.resource.Resource","connection":"agentgateway~1.1.1.1~gw-84ff7d7796-mmpd8.extproc-debug~extproc-debug.svc.cluster.local-1","nonce":"2025-11-19T17:51:36Z/13d6b263b8-ba7c-457e-aa04-0d33f415200e"}
{"time":"2025-11-19T17:51:36.827750313Z","level":"debug","msg":"no response needed","component":"krtxds"}
{"time":"2025-11-19T17:51:37.909993905Z","level":"info","msg":"push debounce stable","component":"krtxds","id":14,"debouncedEvents":1,"lastChange":"100.978419ms","lastPush":"100.978377ms","cause":"//Pod/default/ext-proc-grpc-6765586f4f-fckvw"}
{"time":"2025-11-19T17:51:37.91004978Z","level":"info","msg":"XDS: Pushing","component":"krtxds","clients":2,"version":"2025-11-19T17:51:37Z/14"}
{"time":"2025-11-19T17:51:37.910120739Z","level":"debug","msg":"ADS: REMOVE","component":"krtxds","type":"type.googleapis.com/agentgateway.dev.workload.Address","node":"agentgateway~1.1.1.1~gw-84ff7d7796-mmpd8.extproc-debug~extproc-debug.svc.cluster.local-1","removed":["//Pod/default/ext-proc-grpc-6765586f4f-fckvw"]}
{"time":"2025-11-19T17:51:37.910165489Z","level":"info","msg":"push response","component":"krtxds","type":"type.googleapis.com/agentgateway.dev.workload.Address","reason":"","node":"agentgateway~1.1.1.1~gw-84ff7d7796-mmpd8.extproc-debug~extproc-debug.svc.cluster.local","resources":0,"removed":1,"size":"0B"}
{"time":"2025-11-19T17:51:37.910130947Z","level":"debug","msg":"ADS: REMOVE","component":"krtxds","type":"type.googleapis.com/agentgateway.dev.workload.Address","node":"agentgateway~1.1.1.1~gw-84ff7d7796-5svhj.default~default.svc.cluster.local-2","removed":["//Pod/default/ext-proc-grpc-6765586f4f-fckvw"]}
{"time":"2025-11-19T17:51:37.910216489Z","level":"info","msg":"push response","component":"krtxds","type":"type.googleapis.com/agentgateway.dev.workload.Address","reason":"","node":"agentgateway~1.1.1.1~gw-84ff7d7796-5svhj.default~default.svc.cluster.local","resources":0,"removed":1,"size":"0B"}
{"time":"2025-11-19T17:51:37.910606199Z","level":"debug","msg":"ADS: REQ resources","component":"krtxds","type":"type.googleapis.com/agentgateway.dev.workload.Address","connection":"agentgateway~1.1.1.1~gw-84ff7d7796-5svhj.default~default.svc.cluster.local-2","subscribe":0,"unsubscribe":0,"nonce":"2025-11-19T17:51:37Z/14b16bea5c-a8e5-4fc6-8e1f-64a862146844"}
{"time":"2025-11-19T17:51:37.910640575Z","level":"debug","msg":"ADS: REQUEST","component":"krtxds","type":"type.googleapis.com/agentgateway.dev.workload.Address","connection":"agentgateway~1.1.1.1~gw-84ff7d7796-5svhj.default~default.svc.cluster.local-2","subscribe":null,"unsubscribe":null,"initial":null}
{"time":"2025-11-19T17:51:37.9106652Z","level":"debug","msg":"ADS: ACK","component":"krtxds","type":"type.googleapis.com/agentgateway.dev.workload.Address","connection":"agentgateway~1.1.1.1~gw-84ff7d7796-5svhj.default~default.svc.cluster.local-2","nonce":"2025-11-19T17:51:37Z/14b16bea5c-a8e5-4fc6-8e1f-64a862146844"}
{"time":"2025-11-19T17:51:37.910678033Z","level":"debug","msg":"no response needed","component":"krtxds"}
{"time":"2025-11-19T17:51:37.9107322Z","level":"debug","msg":"ADS: REQ resources","component":"krtxds","type":"type.googleapis.com/agentgateway.dev.workload.Address","connection":"agentgateway~1.1.1.1~gw-84ff7d7796-mmpd8.extproc-debug~extproc-debug.svc.cluster.local-1","subscribe":0,"unsubscribe":0,"nonce":"2025-11-19T17:51:37Z/14add49e16-9211-473a-bca3-25b5df5917c5"}
{"time":"2025-11-19T17:51:37.910803575Z","level":"debug","msg":"ADS: REQUEST","component":"krtxds","type":"type.googleapis.com/agentgateway.dev.workload.Address","connection":"agentgateway~1.1.1.1~gw-84ff7d7796-mmpd8.extproc-debug~extproc-debug.svc.cluster.local-1","subscribe":null,"unsubscribe":null,"initial":null}
{"time":"2025-11-19T17:51:37.910820784Z","level":"debug","msg":"ADS: ACK","component":"krtxds","type":"type.googleapis.com/agentgateway.dev.workload.Address","connection":"agentgateway~1.1.1.1~gw-84ff7d7796-mmpd8.extproc-debug~extproc-debug.svc.cluster.local-1","nonce":"2025-11-19T17:51:37Z/14add49e16-9211-473a-bca3-25b5df5917c5"}
{"time":"2025-11-19T17:51:37.910834909Z","level":"debug","msg":"no response needed","component":"krtxds"}
{"time":"2025-11-19T17:51:46.567479821Z","level":"info","msg":"ADS: terminated","component":"krtxds","peer":"10.244.0.19:40382","connection":"agentgateway~1.1.1.1~gw-84ff7d7796-5svhj.default~default.svc.cluster.local-2"}
{"time":"2025-11-19T17:51:46.780655086Z","level":"info","msg":"push debounce stable","component":"krtxds","id":15,"debouncedEvents":1,"lastChange":"100.431312ms","lastPush":"100.43127ms","cause":"//Pod/default/gw-84ff7d7796-5svhj"}
{"time":"2025-11-19T17:51:46.780697461Z","level":"info","msg":"XDS: Pushing","component":"krtxds","clients":1,"version":"2025-11-19T17:51:46Z/15"}
{"time":"2025-11-19T17:51:46.780746587Z","level":"debug","msg":"ADS: REMOVE","component":"krtxds","type":"type.googleapis.com/agentgateway.dev.workload.Address","node":"agentgateway~1.1.1.1~gw-84ff7d7796-mmpd8.extproc-debug~extproc-debug.svc.cluster.local-1","removed":["//Pod/default/gw-84ff7d7796-5svhj"]}
{"time":"2025-11-19T17:51:46.780778212Z","level":"info","msg":"push response","component":"krtxds","type":"type.googleapis.com/agentgateway.dev.workload.Address","reason":"","node":"agentgateway~1.1.1.1~gw-84ff7d7796-mmpd8.extproc-debug~extproc-debug.svc.cluster.local","resources":0,"removed":1,"size":"0B"}
{"time":"2025-11-19T17:51:46.780945963Z","level":"debug","msg":"ADS: REQ resources","component":"krtxds","type":"type.googleapis.com/agentgateway.dev.workload.Address","connection":"agentgateway~1.1.1.1~gw-84ff7d7796-mmpd8.extproc-debug~extproc-debug.svc.cluster.local-1","subscribe":0,"unsubscribe":0,"nonce":"2025-11-19T17:51:46Z/158adbe3df-7fb1-4c1b-a42f-5e3c4a93e22b"}
{"time":"2025-11-19T17:51:46.780952171Z","level":"debug","msg":"ADS: REQUEST","component":"krtxds","type":"type.googleapis.com/agentgateway.dev.workload.Address","connection":"agentgateway~1.1.1.1~gw-84ff7d7796-mmpd8.extproc-debug~extproc-debug.svc.cluster.local-1","subscribe":null,"unsubscribe":null,"initial":null}
{"time":"2025-11-19T17:51:46.780958254Z","level":"debug","msg":"ADS: ACK","component":"krtxds","type":"type.googleapis.com/agentgateway.dev.workload.Address","connection":"agentgateway~1.1.1.1~gw-84ff7d7796-mmpd8.extproc-debug~extproc-debug.svc.cluster.local-1","nonce":"2025-11-19T17:51:46Z/158adbe3df-7fb1-4c1b-a42f-5e3c4a93e22b"}
{"time":"2025-11-19T17:51:46.780959921Z","level":"debug","msg":"no response needed","component":"krtxds"}
